temperature,RH,dew_point
-21,80,-23.3
-20,75,-22.7
-20,80,-22.6
-20,85,-22.1
-19,60,-24.2
-19,65,-23.6
-19,70,-23.0
-19,75,-22.0
-19,80,-21.6
-19,85,-21.1
-18,55,-24.2
-18,60,-23.7
-18,65,-22.8
-18,70,-22.1
-18,75,-21.3
-18,80,-20.7
-18,85,-20.0
-17,55,-23.6
-17,60,-22.8
-17,65,-21.8
-17,70,-21.1
-17,75,-20.4
-17,80,-19.6
-17,85,-19.0
-17,90,-18.2
-16,50,-23.3
-16,55,-22.7
-16,60,-21.8
-16,65,-20.9
-16,70,-20.1
-16,75,-19.3
-16,80,-18.7
-16,85,-18.0
-16,90,-17.3
-15,50,-22.5
-15,55,-21.8
-15,60,-20.9
-15,65,-20.1
-15,70,-19.3
-15,75,-18.4
-15,80,-17.7
-15,85,-17.0
-15,90,-16.5
-14,45,-22.7
-14,50,-21.8
-14,55,-21.0
-14,60,-20.1
-14,65,-19.1
-14,70,-18.2
-14,75,-17.5
-14,80,-16.9
-14,85,-15.9
-14,90,-15.6
-13,40,-23.1
-13,45,-22.1
-13,50,-21.1
-13,55,-20.0
-13,60,-19.1
-13,65,-18.2
-13,70,-17.4
-13,75,-16.5
-13,80,-15.7
-13,85,-15.0
-13,90,-14.4
-12,35,-23.6
-12,40,-22.5
-12,45,-21.3
-12,50,-20.2
-12,55,-19.2
-12,60,-18.2
-12,65,-17.2
-12,70,-16.3
-12,75,-15.6
-12,80,-14.8
-12,85,-14.0
-12,90,-13.5
-11,35,-22.9
-11,40,-21.6
-11,45,-20.6
-11,50,-19.3
-11,55,-18.2
-11,60,-17.2
-11,65,-16.3
-11,70,-15.4
-11,75,-14.6
-11,80,-13.8
-11,85,-13.0
-11,90,-12.5
-11,95,-11.8
-10,30,-23.5
-10,35,-22.3
-10,40,-21.3
-10,45,-19.5
-10,50,-18.4
-10,55,-17.3
-10,60,-16.3
-10,65,-15.3
-10,70,-14.4
-10,75,-13.5
-10,80,-12.8
-10,85,-12.1
-10,90,-11.5
-10,95,-11.1
-9,30,-22.8
-9,35,-21.7
-9,40,-19.9
-9,45,-18.7
-9,50,-17.5
-9,55,-16.3
-9,60,-15.3
-9,65,-14.4
-9,70,-13.4
-9,75,-12.6
-9,80,-11.8
-9,85,-11.0
-9,90,-10.5
-9,95,-9.9
-8,30,-22.3
-8,35,-20.7
-8,40,-19.3
-8,45,-17.7
-8,50,-16.4
-8,55,-15.4
-8,60,-14.4
-8,65,-13.3
-8,70,-12.5
-8,75,-11.6
-8,80,-10.8
-8,85,-10.1
-8,90,-9.5
-8,95,-8.7
-7,30,-21.7
-7,35,-20.0
-7,40,-18.3
-7,45,-16.8
-7,50,-15.6
-7,55,-14.5
-7,60,-13.4
-7,65,-12.4
-7,70,-11.5
-7,75,-10.7
-7,80,-9.9
-7,85,-9.1
-7,90,-8.5
-7,95,-7.8
-6,35,-18.5
-6,40,-17.5
-6,45,-15.8
-6,50,-14.6
-6,55,-13.5
-6,60,-12.4
-6,65,-11.5
-6,70,-10.6
-6,75,-9.8
-6,80,-8.8
-6,85,-8.2
-6,90,-7.5
-6,95,-6.8
-5,30,-18.6
-5,35,-17.8
-5,40,-16.2
-5,45,-15.0
-5,50,-13.8
-5,55,-12.6
-5,60,-11.5
-5,65,-10.5
-5,70,-9.7
-5,75,-8.7
-5,80,-7.9
-5,85,-7.2
-5,90,-6.4
-5,95,-5.8
-4,30,-18.2
-4,35,-17.0
-4,40,-15.4
-4,45,-14.2
-4,50,-12.9
-4,55,-11.7
-4,60,-10.6
-4,65,-9.7
-4,70,-8.6
-4,75,-7.8
-4,80,-7.0
-4,85,-6.2
-4,90,-5.4
-4,95,-4.9
-4,100,-4.3
-3,30,-17.5
-3,35,-16.7
-3,40,-14.5
-3,45,-13.3
-3,50,-11.9
-3,55,-10.7
-3,60,-9.6
-3,65,-8.7
-3,70,-7.7
-3,75,-6.8
-3,80,-6.0
-3,85,-5.2
-3,90,-4.4
-3,95,-3.7
-3,100,-3.2
-2,35,-15.0
-2,40,-13.5
-2,45,-12.4
-2,50,-10.9
-2,55,-9.8
-2,60,-8.8
-2,65,-7.6
-2,70,-6.7
-2,75,-5.9
-2,80,-5.0
-2,85,-4.1
-2,90,-3.4
-2,95,-2.8
-2,100,-2.0
-1,30,-15.2
-1,35,-14.1
-1,40,-12.8
-1,45,-11.2
-1,50,-10.0
-1,55,-8.8
-1,60,-7.7
-1,65,-6.6
-1,70,-5.7
-1,75,-4.9
-1,80,-4.0
-1,85,-3.2
-1,90,-2.4
-1,95,-1.8
-1,100,-1.1
0,30,-15.0
0,35,-13.3
0,40,-11.8
0,45,-10.5
0,50,-9.1
0,55,-7.8
0,60,-6.8
0,65,-5.8
0,70,-4.8
0,75,-3.9
0,80,-3.0
0,85,-2.2
0,90,-1.4
0,95,-0.8
0,100,-0.1
1,30,-13.8
1,35,-12.6
1,40,-10.9
1,45,-9.5
1,50,-8.2
1,55,-7.0
1,60,-5.9
1,65,-4.8
1,70,-3.8
1,75,-3.0
1,80,-2.1
1,85,-1.2
1,90,-0.4
1,95,0.1
1,100,0.6
2,30,-13.3
2,35,-11.8
2,40,-10.1
2,45,-8.6
2,50,-7.3
2,55,-6.1
2,60,-4.9
2,65,-3.9
2,70,-2.9
2,75,-2.0
2,80,-1.1
2,85,-0.3
2,90,0.5
2,95,1.2
2,100,1.8
3,25,-13.7
3,30,-12.3
3,35,-10.8
3,40,-9.2
3,45,-7.8
3,50,-6.3
3,55,-5.2
3,60,-4.0
3,65,-2.9
3,70,-1.9
3,75,-1.0
3,80,-0.1
3,85,0.7
3,90,1.4
3,95,2.1
3,100,2.8
4,25,-13.4
4,30,-11.7
4,35,-9.9
4,40,-8.4
4,45,-6.8
4,50,-5.5
4,55,-4.1
4,60,-3.0
4,65,-2.0
4,70,-0.9
4,75,-0.1
4,80,0.9
4,85,1.7
4,90,2.4
4,95,3.0
4,100,3.8
5,20,-14.7
5,25,-12.8
5,30,-10.9
5,35,-9.2
5,40,-7.4
5,45,-6.0
5,50,-4.5
5,55,-3.3
5,60,-2.1
5,65,-1.0
5,70,-0.1
5,75,1.0
5,80,1.8
5,85,2.7
5,90,3.5
5,95,4.2
5,100,4.6
6,20,-14.3
6,25,-12.3
6,30,-10.0
6,35,-8.3
6,40,-6.5
6,45,-5.0
6,50,-3.6
6,55,-2.3
6,60,-1.1
6,65,-0.1
6,70,1.0
6,75,1.9
6,80,2.9
6,85,3.7
6,90,4.5
6,95,5.1
6,100,5.7
7,20,-13.4
7,25,-11.3
7,30,-9.4
7,35,-7.4
7,40,-5.7
7,45,-4.1
7,50,-2.7
7,55,-1.4
7,60,-0.3
7,65,0.9
7,70,1.9
7,75,2.8
7,80,3.8
7,85,4.6
7,90,5.5
7,95,6.3
7,100,6.9
8,20,-12.6
8,25,-10.6
8,30,-8.5
8,35,-6.6
8,40,-4.7
8,45,-3.2
8,50,-1.9
8,55,-0.4
8,60,0.8
8,65,1.9
8,70,2.8
8,75,3.9
8,80,4.8
8,85,5.6
8,90,6.5
8,95,7.1
8,100,8.0
9,15,-15.9
9,20,-11.7
9,25,-10.1
9,30,-7.6
9,35,-5.7
9,40,-3.7
9,45,-2.3
9,50,-0.8
9,55,0.5
9,60,1.7
9,65,2.7
9,70,3.9
9,75,4.9
9,80,5.7
9,85,6.7
9,90,7.4
9,95,8.1
9,100,8.9
10,15,-13.2
10,20,-11.6
10,25,-8.6
10,30,-7.1
10,35,-4.6
10,40,-2.9
10,45,-1.4
10,50,0.2
10,55,1.4
10,60,2.6
10,65,3.7
10,70,4.8
10,75,5.8
10,80,6.7
10,85,7.6
10,90,8.4
10,95,9.0
10,100,9.6
11,15,-13.1
11,20,-11.4
11,25,-7.9
11,30,-6.1
11,35,-3.9
11,40,-2.0
11,45,-0.4
11,50,1.0
11,55,2.3
11,60,3.5
11,65,4.7
11,70,5.8
11,75,6.7
11,80,7.6
11,85,8.5
11,90,9.4
11,95,10.1
11,100,10.7
12,20,-8.8
12,25,-7.4
12,30,-4.7
12,35,-2.8
12,40,-1.1
12,45,0.5
12,50,1.9
12,55,3.2
12,60,4.5
12,65,5.7
12,70,6.7
12,75,7.7
12,80,8.7
12,85,9.6
12,90,10.4
12,95,11.1
12,100,11.8
13,20,-8.3
13,25,-6.5
13,30,-4.0
13,35,-1.9
13,40,-0.3
13,45,1.4
13,50,2.8
13,55,4.2
13,60,5.5
13,65,6.6
13,70,7.7
13,75,8.6
13,80,9.7
13,85,10.5
13,90,11.4
13,95,12.2
13,100,12.9
14,20,-7.8
14,25,-5.8
14,30,-3.0
14,35,-1.2
14,40,0.6
14,45,2.3
14,50,3.8
14,55,5.2
14,60,6.4
14,65,7.6
14,70,8.6
14,75,9.7
14,80,10.6
14,85,11.5
14,90,12.4
14,95,13.1
14,100,14.0
15,20,-6.7
15,25,-5.2
15,30,-2.1
15,35,-0.3
15,40,1.5
15,45,3.2
15,50,4.7
15,55,6.1
15,60,7.3
15,65,8.5
15,70,9.7
15,75,10.7
15,80,11.6
15,85,12.5
15,90,13.4
15,95,14.1
15,100,14.8
16,20,-6.5
16,25,-4.0
16,30,-1.5
16,35,0.8
16,40,2.4
16,45,4.2
16,50,5.6
16,55,7.0
16,60,8.3
16,65,9.5
16,70,10.6
16,75,11.5
16,80,12.5
16,85,13.5
16,90,14.4
16,95,15.2
16,100,15.8
17,15,-8.0
17,20,-6.0
17,25,-2.6
17,30,-0.7
17,35,1.5
17,40,3.4
17,45,5.0
17,50,6.6
17,55,7.9
17,60,9.3
17,65,10.4
17,70,11.5
17,75,12.6
17,80,13.6
17,85,14.4
17,90,15.4
17,95,16.0
17,100,16.7
18,15,-7.3
18,20,-5.8
18,25,-1.7
18,30,0.1
18,35,2.5
18,40,4.2
18,45,6.0
18,50,7.5
18,55,8.9
18,60,10.2
18,65,11.4
18,70,12.5
18,75,13.5
18,80,14.4
18,85,15.4
18,90,16.4
18,95,17.1
18,100,17.8
19,15,-6.9
19,20,-5.1
19,25,-1.1
19,30,1.1
19,35,3.3
19,40,5.1
19,45,6.9
19,50,8.4
19,55,9.9
19,60,11.1
19,65,12.3
19,70,13.4
19,75,14.5
19,80,15.5
19,85,16.5
19,90,17.3
19,95,18.1
19,100,18.7
20,20,-4.0
20,25,-0.3
20,30,2.2
20,35,4.1
20,40,6.1
20,45,7.8
20,50,9.4
20,55,10.7
20,60,12.0
20,65,13.3
20,70,14.3
20,75,15.4
20,80,16.5
20,85,17.4
20,90,18.3
20,95,19.1
20,100,19.7
21,20,-1.4
21,25,0.8
21,30,2.8
21,35,5.1
21,40,7.0
21,45,8.7
21,50,10.2
21,55,11.7
21,60,13.0
21,65,14.2
21,70,15.4
21,75,16.4
21,80,17.4
21,85,18.4
21,90,19.3
21,95,20.0
21,100,20.7
22,20,0.0
22,25,1.5
22,30,3.6
22,35,6.0
22,40,7.8
22,45,9.6
22,50,11.2
22,55,12.6
22,60,13.9
22,65,15.1
22,70,16.3
22,75,17.4
22,80,18.4
22,85,19.4
22,90,20.2
22,95,21.0
22,100,21.5
23,20,-0.0
23,25,2.4
23,30,4.8
23,35,6.8
23,40,8.8
23,45,10.5
23,50,12.1
23,55,13.5
23,60,14.8
23,65,16.1
23,70,17.2
23,75,18.3
23,80,19.3
23,85,20.3
23,90,21.2
23,95,21.9
23,100,22.5
24,20,1.0
24,25,3.1
24,30,5.5
24,35,7.8
24,40,9.7
24,45,11.4
24,50,13.0
24,55,14.4
24,60,15.8
24,65,17.0
24,70,18.2
24,75,19.3
24,80,20.3
24,85,21.2
24,90,22.0
24,95,22.8
25,20,1.4
25,25,3.8
25,30,6.3
25,35,8.6
25,40,10.6
25,45,12.3
25,50,13.9
25,55,15.3
25,60,16.7
25,65,18.0
25,70,19.1
25,75,20.2
25,80,21.2
25,85,22.2
25,90,22.9
25,95,23.9
26,20,2.1
26,25,4.8
26,30,7.3
26,35,9.4
26,40,11.5
26,45,13.2
26,50,14.8
26,55,16.3
26,60,17.6
26,65,18.9
26,70,20.0
26,75,21.2
26,80,22.1
26,85,22.9
26,90,23.9
26,95,24.3
27,15,-0.2
27,20,2.7
27,25,5.4
27,30,8.0
27,35,10.3
27,40,12.3
27,45,14.1
27,50,15.7
27,55,17.2
27,60,18.6
27,65,19.8
27,70,21.1
27,75,21.9
27,80,22.9
27,85,23.9
27,90,24.7
28,10,-3.2
28,15,-0.3
28,20,3.6
28,25,5.9
28,30,8.8
28,35,11.3
28,40,13.3
28,45,15.0
28,50,16.6
28,55,18.1
28,60,19.4
28,65,20.8
28,70,21.8
28,75,22.9
28,80,24.0
28,85,24.7
29,10,-3.9
29,15,-0.7
29,20,4.2
29,25,6.9
29,30,10.0
29,35,12.1
29,40,14.1
29,45,15.9
29,50,17.5
29,55,19.0
29,60,20.4
29,65,21.7
29,70,22.6
29,75,23.8
29,80,24.7
30,15,1.8
30,20,4.8
30,25,8.0
30,30,10.6
30,35,13.0
30,40,14.9
30,45,16.9
30,50,18.4
30,55,19.9
30,60,21.4
30,65,22.5
30,70,23.6
30,75,25.0
30,80,25.8
31,15,3.0
31,20,6.0
31,25,9.0
31,30,11.2
31,35,14.0
31,40,15.9
31,45,17.6
31,50,19.4
31,55,20.9
31,60,22.2
31,65,23.3
31,70,24.6
31,75,25.7
32,15,3.9
32,20,6.7
32,25,9.5
32,30,12.1
32,35,15.0
32,40,16.9
32,45,18.5
32,50,20.3
32,55,21.8
32,60,23.0
32,65,24.1
32,70,26.1
33,25,9.7
33,30,13.9
33,35,16.0
33,40,17.6
33,45,19.4
33,50,21.2
33,55,22.7
33,60,23.8
33,65,25.0
34,30,14.8
34,35,16.7
34,40,18.5
34,45,20.3
34,50,22.2
34,55,23.4
34,60,24.7
35,30,15.5
35,35,17.2
35,40,19.0
35,45,21.3
35,50,23.1
35,55,24.2
35,60,25.2
36,25,13.8
36,30,16.0
36,35,17.8
36,40,20.2
36,45,22.2
36,50,23.6
36,55,24.8
37,30,16.8
37,35,19.2
37,40,21.0
37,45,23.1
37,50,24.1
