Sigle,Essence_latin,Essence_ang,Essence_fr
AAAA,Divers,Others,Divers
AB,Abies,Fir,Sapin
ABBA,Abies balsamea,Balsam Fir,Sapin baumier
ABCO,Abies concolor,White Fir,Sapin argenté
ABKO,Abies koreana,Korean fir,sapin de Corée
ABSI,Abies sibirica,Abies sibirica,Abies sibirica
AC,Acer,Maple,Érable
ACCA,Acer campestre,Hedge Maple,Érable champêtre
ACFR,Acer x freemanii,Freeman Maple,Érable de Freeman
ACFRAB,Acer x freemanii 'Autumn Blaze',Autumn Blaze Freeman Maple,Érable Autumn Blaze
ACFRAF,Acer x freemanii 'Autumn Fantasy',Acer x freemanii 'Autumn Fantasy',Acer x freemanii 'Autumn Fantasy'
ACFRAG,Acer freemanii 'Amstrong Gold'',Acer fremanii Arnstrong Gold,Acer fremanii 'Armstrong Gold
ACFRAR,Acer x freemanii 'Armstrong',Acre x freemanii 'Armstrong',Acer x freemanii 'Armstrong'
ACFRBA,Acer x Freemanii 'Bailston' (MATADOR),Freemanii Maple MATADOR,Érable Freemanii MATADOR
ACFRCE,Acer x freemanii 'Celebration',Acer x freemanii Celebration,Acer x freemanii Celebration
ACFRFI,Acer x freemanii 'Firefall',Acer x freemanii 'Firefall',Acer x freemanii 'Firefall'
ACFRMA,Acer x freemanii 'Marmo',Acer x freemanii Marmo,Acer x freemanii Marmo
ACFRMO,Acer x Freemanii 'Morgan',Morgan Maple,Érable rouge Morgan
ACFRSG,Acer x freemanii 'Sienna Glen',Acer x freemanii 'Sienna Glen',Acer x freemanii 'Sienna Glen'
ACFRSI,Acer freemanii 'Sienna',Acer freemanii 'Sienna',Acer freemanii 'Sienna'
ACFRSS,Acer x freemanii 'Scarlet Sentinel',Acer x  freemanii 'Scarlet Sentinel',Acer x freemanii 'Scarlet Sentinel'
ACGA,Acer grandidentatum,Acer grandidentatum,Acer grandidentatum
ACGARM,Acer grandidentatum ' Rocky Mountain Glow',Acer grandidentatum ' Rocky Mountain Glow',Acer grandidentatum ' Rocky Mountain Glow'
ACGI,Acer ginnala,Armur Maple,Érable de l'Armour
ACGIEM,Acer ginnala 'Embers',Acer ginnala Embers,Acer ginnala Embers
ACGIFL,Acer ginnala 'Flame',Flame Armur Maple,Érable de l'Armour Flame
ACGIFT,Acer g. Flame tiges multiples,Acer g. Flame tiges multiples,Acer g. Flame tiges multiples
ACGIRS,Acer ginnala 'Ruby Slippers',Ruby Slippers Ginnala Maple,érable ginnala Ruby Slippers
ACGR,Acer griseum,Acer griseum,Acer griseum
ACMI,Acer Miyabei,Acer Miyabei,Acer Miyabei
ACMIMO,Acer miyabei 'Morton' (State Street TM),Acer miyabei Morton (State Street),Acer miyabei Morton (State Street)
ACNE,Acer negundo,Manitoba Maple,Érable à Giguère
ACNEBA,Acer negundo 'Baron',Acer negundo Baron,Acer negundo Baron
ACNEKG,Acer negundo 'Kelly's Gold',Acer negundo Kelly's Gold,Acer negundo Kelly's Gold
ACNESE,Acer negundo 'Sensation',Sensation Boxelder,érable Sensation
ACNI,Acer nigrum,Black Maple,Érable noir
ACNIGC,Acer nigrum 'Green Column',Green Column Black Maple,Érable noir Green Column
ACPA,Acer palmatum,Japanese Maple,Érable du Japon
ACPE,Acer pensylvanicum,Striped Maple,Érable de Pennsylvanie
ACPL,Acer platanoides,Norway Maple,Érable de Norvège
ACPLAP,Acer platanoides 'Alberta Park',Alberta Park Norway Maple,Érable de Norvège Alberta Park
ACPLCB,Acer platanoides 'Columnarbroad',Parkway Norway Maple,Érable de Norvège Parkway
ACPLCK,Acer platanoides 'Crimson King',Crimson King Norway Maple,Érable de Norvège Crimson King
ACPLCL,Acer platanoides 'Cleveland',Cleveland Norway Maple,Érable de Norvège Cleveland
ACPLCO,Acer platanoides 'Columnare',Columnare Norway Maple,Érable de Norvège colonnaire
ACPLCS,Acer platanoides 'Crimson Sentry',Crimson Sentry Norway Maple,Érable de Norvège Crimson Sentry
ACPLDE,Acer platanoides 'Deborah',Deborah Norway Maple,Érable de Norvège Deborah
ACPLDR,Acer platanoides 'Drummondii',Harlequin Norway Maple,Érable de Norvège panaché
ACPLEL,Acer platanoides 'Emerald Lustre',Acer platanoides Emerald Lustre,Acer platanoides Emerald Lustre
ACPLEQ,Acer platanoides 'Emerald Queen',Emerald Queen Norway Maple,Érable de Norvège Emerald Queen
ACPLFA,Acer platanoides 'Fairview',Fairview Norway Maple,Érable de Norvège Fairview
ACPLGL,Acer platanoides 'Globosum',Globe Norway Maple,Érable de Norvège globe
ACPLJG,Acer platanoides 'Jade Glen',Acer platanoides Jade Glen,Acer platanoides Jade Glen
ACPLPG,Acer platanoides 'Princeton Gold',Acer platanoides Princeton Gold,Acer platanoides 'Princeton Gold'
ACPLRR,Acer platanoides 'Royal Red',Royal Red Norway Maple,Érable de Norvège Royal Red
ACPLSC,Acer platanoides 'Schwedleri',Schwedleri Norway Maple,Érable de Norvège Schwedleri
ACPLSP,Acer platanoides 'Superform',Superform Norway Maple,Érable de Norvège Superform
ACPLSU,Acer platanoides 'Summershade',Summershade Norway Maple,Érable de Norvège Summershade
ACPS,Acer pseudoplatanus,Sycamore Maple,Érable sycamore
ACPSRP,Acer pseudoplatanus 'Regal Petticoat',Regal Petticoat maple,Érable sycomore Regal Petticoat
ACPUNW,Acer x pseudosieboldianum North Wind,North Wind maple,Érable de Corée North Wind
ACRU,Acer rubrum,Red Maple,Érable rouge
ACRUAA,Acer rubrum 'Autumn Radiance',Autumn Radiance Red maple,érable rouge Autumn Radiance
ACRUAF,Acer rubrum 'Autumn Flame',Acer rubrum 'Autumn Flame',Acer rubrum 'Autumn Flame'
ACRUAG,Acer rubrum 'Armstong Gold',Armstrong Gold red maple,érable Armstong Gold
ACRUAR,Acer rubrum 'Armstrong',Armstrong Red Maple,Érable rouge Armstrong
ACRUAS,Acer rubrum ''Autumn Spire'',Autumn Spire red maple,érable rouge Autumn Spire
ACRUBB,Acer rubrum ''Burgundy Belle'',Burgundy Bell red maple,Érable rouge ''Burgundy Belle''
ACRUBO,Acer rubrum 'Bowhall',Acer rubrum 'Bowhall',Acer rubrum 'Bowhall'
ACRUBR,Acer rubrum 'Brandywine',Brandiwine Red Maple,érable rouge Brandywine
ACRUCO,Acer rubrum 'Columnare',Columnare Red Maple,Érable rouge colonnaire
ACRUKA,Acer rubrum 'Karpick',Karpick Red Maple,Érable rouge Karpick
ACRUMO,Acer rubrum 'Morgan',Morgan Red Maple,Érable rouge Morgan
ACRUNO,Acer rubrum 'Northwood',Northwood Red Maple,Érable rouge Northwood
ACRUOG,Acer rubrum 'October Glory',Acer rubrum 'October Glory',Acer rubrum 'October Glory'
ACRUPY,Acer rubrum 'Pyramidal',Acer rubrum Pyramidal,Acer rubrum Pyramidal
ACRURE,Acer rubrum 'Frank Jr.. (Redpointe TM),Redpointe Maple,érable rouge Redpointe
ACRURR,Acer rubrum 'Red Rocket',Red Rocket  Red Maple,érable rouge Red Rocket
ACRURS,Acer rubrum 'Red Sunset',Red Sunset Red Maple,Érable rouge Red Sunset
ACRUSC,Acer rubrum 'Scanlon',Scanlon red maple,érable rouge fastigié
ACRUSU,Acer rubrum Supersonic,Supersonic Red Maple,Érable rouge Supersonic
ACSA,Acer saccharinum,Silver Maple,Érable argenté
ACSALA,Acer saccharinum 'Laciniatum',Cut-leaf Silver Maple,Érable argenté à feuilles laciniées
ACSALU,Acer saccharinum 'Lutescens',Golden Silver maple,Érable argenté lutescens
ACSAMO,Acer saccharinum 'Montréal',Montréal Siler Maple,Érable argenté 'Montréal'
ACSAPY,Acer saccharinum 'Pyramidalis',Pyramidale Silver Maple,Érable argenté Pyramidal
ACSASC,Acer saccharinum 'Silver Cloud',Acer saccharinum 'Silver Cloud',Acer saccharinum 'Silver Cloud'
ACSASQ,Acer saccharinum 'Silver Queen',Silver Queen Silver Maple,Érable argenté Silver Queen
ACSAWE,Acer saccharinum 'Wierie',Acer saccharinum Wierie,Acer saccharinum Wierie
ACSC,Acer saccharum,Sugar Maple,Érable à sucre
ACSCAP,Acer saccharum 'Apollo',Acer saccharum Apollo,Acer saccharum Apollo
ACSCBO,Acer saccharum 'Bonfire',Bonfire sugar Maple,Érable à sucre 'Bonfire'
ACSCCO,Acer saccharum 'Commemoration'',Commemoration Sugar Maple,Érable à sucre Commemoration
ACSCEN,Acer saccharum 'Endowment',Endowment Sugar Maple,érable à sucre  Endowment
ACSCFF,Acer saccharum 'Fall Fiesta,Fall Fiesta sugar maple,Érable à sucre Fall Fiesta
ACSCGM,Acer saccharum 'Green Mountain',Green Mountain Sugar Maple,Érable à sucre 'Green Mountain'
ACSCLE,Acer saccharum 'Legacy',Acer saccharum Legacy,Acer saccharum Legacy
ACSCTU,Acer saccharum 'Temple Upright',Temple Upright Sugar Maple,Érable à sucre Temple Upright
ACSCUN,Acer saccharum 'Unity',Acer saccharum Unity,Acer saccharum Unity
ACSP,Acer spicatum,Mountain Maple,Érable à épis
ACTA,Acer tataricum,Tartarian Maple,Érable de Tartarie
ACTAGA,Acer tataricum 'GarAnn' (Hot Wings TM),Tatarian maple 'GarAnn' (Hot Wings TN),érable de Tartarie 'GarAnn' (Hot Wings TM)
ACTARU,Acer tatricum 'Rubrum',Red Tatarian Maple,Érable de Tartarie
ACTR,Acer truncatum,Truncatum Maple,Érable truncatum
ACTRCS,Acer truncatum x plat. Crimson Sunset (TM),Crimson Sunset maple,érable Crimson Sunset
ACXPS,Acer x 'Pacific Sunset',Acer x 'Pacific Sunset',Acer x 'Pacific Sunset'
AE,Aesculus,Horsechesnut,Marronnier
AEAR,Aesculus arguta,Texas Buckeye,Marronnier du Texas
AECA,Aesculus x carnea,Aesculus x carnea,Aesculus x carnea
AECABR,Aesculus carnea 'Briotii',Aesculus carnea 'Briotii',Aesculus carnea 'Briotii'
AECAFM,Aesculus x carnea 'Fort McNair',Aesculus x carnea Fort McNair,Aesculus x carnea Fort McNair
AEFLYB,Aesculus flava ''Yellow Buckeye'',Yellow buckeye,Maronnier à fleurs jaunes
AEGL,Aesculus glabra,Ohio Buckeye,Marronnier glabre
AEHI,Aesculus hippocastanum,Common Horsechesnut,Marronnier d'Inde
AEHIBA,Aesculus hippocastanum 'Baumanii',Bauman's Horsechesnut,Marronnier de Bauman
AEHY,Aesculus x hybrida,Aesculus x hybrida,Aesculus x hybrida
AEIN,Aesculus indica,Aesculus indica,Aesculus indica
AEOC,Aesculus octandra,Aesculus octandra,Aesculus octandra
AEXXAS,Aesculus x arnoldiana Autumn Splendor,Autumn Splendor Buckeye,maronnier Autumn Splendor
AL,Alnus,Alder,Aulne
ALGL,Alnus glutinosa,European Black Alder,Aulne glutineux
ALGLIM,Alnus glutinosa 'Imperialis',Imperialis European Black Alder,Aulne glutineux Imperialis
ALHIPH,Alnus hirsuta Prairie Horizon,Manchurian alder,aulne de Manchourie
ALIN,Alnus incana,Alnus incana,Alnus incana
ALINRU,Alnus incana ssp. rugosa,Speckled alder,Aulne rugueux
ALSPSP,Alnus x spaethii 'Spaeth',Spaeth's alder,Aulne de spaeth
AM,Amelanchier,Serviceberry,Amélanchier
AMALHO,Amelanchier alnifolia 'Honeywood',Honeywood saskatoon,Amélanchier 'Honeywood'
AMALMA,Amelanchier alnifolia 'Martin',Martin saskatoon,Amélanchier 'Martin'
AMALNO,Amelanchier alnifolia 'Northline',Northline saskatoon,Amélanchier 'Northline'
AMALOB,Amelanchier alnifolia 'Obelisk',Saskatoon Berry 'Obelisk',Amélanchier à feuilles d'aulnes 'Obelisk'
AMAR,Amelanchier arborea,Amelanchier arborea,Amelanchier arborea
AMCA,Amelanchier canadensis,Downy Serviceberry,Amélanchier du Canada
AMCABA,Amelanchier canadensis 'Ballerina',Ballerina Downy Serviceberry,Amélanchier du Canada Ballerina
AMCARP,Amelanchier c. 'Rainbow Pillar' (Glenn Form),Amelanchier c. 'Rainbow Pillar' (Glenn Form),Amelanchier c. 'Rainbow Pillar' (Glenn Form)
AMCT,Amelanchier canadensis tiges multiples,Multistem Downy Serviceberry,Amelanchier du Canada tiges multiples
AMGR,Amelanchier x grandiflora,Apple Serviceberry,Amélanchier à grandes fleurs
AMGRAB,Amelanchier x grandiflora 'Autumn Brillance',Autumn Brillance Serviceberry,Amélanchier à grandes fleurs Autumn Brillance
AMGRAT,Amelanchier 'Autumn Brillance tiges multiples,multi-stem Autumn Brillance Serviceberry,Amelanchier 'Autumn Brillance tiges multiples
AMGRBA,Amelanchier x grandiflora 'Ballerina',Amelanchier Ballerina,Ballerina Serviceberry
AMGRPD,Amelanchier g. 'Princess Diana',Amelanchier g. 'Princess Diana',Amelanchier g. 'Princess Diana'
AMGRRH,Amelanchier x grandiflora 'Robin Hill',Robin Hill Serviceberry,Amélanchier  Robin Hill
AMLA,Amelanchier laevis,Amelanchier laevis,Amelanchier laevis
AMLACU,Amelanchier laevis 'Cumulus',Amelanchier laevis Cumulus,Amelanchier laevis Cumulus
AMLALU,Amelanchier laevis 'Lustre',Lustre Allegheny serviceberry,Amélanchier du Canada 'Lustre'
AMLAPC,Amelanchier laevis 'Prince Charles',Amelanchier laevis 'Prince Charles',Amelanchier laevis 'Prince Charles'
AMLASC,Amelanchier laevis 'Snowcloud',Snowcloud serviceberry,Amélanchier glabre 'Snowcloud'
AMLASF,Amelanchier laevis 'Spring Flurry',Spring Flurry Serviceberry,Amélanchier glabre Spring Flurry
AMLASN,Amelanchier laevis ''Snowflakes'',Snowflakes Serviceberry,Amelanchier Snowflakes
ASTR,Asimina triloba,Paw paw,Asiminier trilobé
BE,Betula,Birch,Bouleau
BEAL,Betula alleghaniensis,Yellow Birch,Bouleau jaune
BEAT,Betula alleghaniensis tiges multiples,Yellow birch multi-stem,Bouleau jaune tiges multiples
BENI,Betula nigra,River Birch,Bouleau noir
BENICF,Betula nigra 'Crimson Frost',Betula nigra Crimson Frost,Betula nigra Crimson Frost
BENIDI,Betula nigra 'Dickinson' (Northern Tribute),'Dickinson' River Birch (Northern Tribute),Bouleau noir 'Dickinson' (Northern Tribute)
BENIHE,Betula nigra 'Heritage',Heritage River Birch,Bouleau noir Heritage
BENIHT,Betula nigra 'Heritage' tiges multiples,Heritage multi-stem Black Birch,Bouleau noir Heritage tiges multiples
BENT,Betula nigra tiges multiples,multi-stem black birch,Bouleau noir tiges multiples
BEPA,Betula papyrifera,Paper Birch,Bouleau à papier
BEPARO,Betula papirifera 'Renaissance Oasis',Renaissance Oasis paper birch,Bouleau à papier Renaissance Oasis
BEPARR,Betula papyrifera 'Renaissance Reflection','Renaissance Reflection paper birch,Bouleau à papier 'Renaissance Reflection'
BEPAVA,Betula papyrifera 'Varen' (Prairie Dream TM),Prairie Dream Paper Birch,Bouleau à papier Prairie Dream
BEPE,Betula pendula,European White Birch,Bouleau européen
BEPEFA,Betula pendula 'Fastigiata',Betula pendula 'Fastigiata',Betula pendula 'Fastigiata'
BEPEGR,Betula pendula 'Gracilis',Cut-leaf Weeping Birch,Bouleau pleureur à feuilles laciniées
BEPETR,Betula pendula 'Tristis',Betula pendula 'Tristis',Betula pendula 'Tristis'
BEPEYO,Betula pendula 'Youngii',Young's Weeping Birch,Bouleau pleureur de Young
BEPLDP,Betula platyphylla 'Dakota Pinnacle',Dakota Pinnacle White Birch,Bouleau blanc Dakota Pinnacle
BEPLPP,Betula p. ''Parkland Pillar''TM (Jefpark),Japanese white birch,bouleau du Japon
BEPO,Betula populifolia,Gray Birch,Bouleau gris
BEPOWH,Betula populifolia 'Whitespire',Whitespire Senior Birch,Bouleau gris Whitespire
BEUTJA,Betula utilis var. jacquemontii,Whitebarked Himalayan Birch,Bouleau de l'Himalaya
BEXXRF,Betula 'Penci-2' (Royal Frost TM),Royal Frost Birch,Bouleau Royal Frost
CA,Carpinus,Hornbeam,Charme
CABE,Carpinus betulus,European Hornbeam,Charme européen
CABEFA,Carpinus betulus 'Fastigiata',Pyramidal European Hornbeam,Charme européen fastigié
CABEFF,Carpinus betulus 'Frans Fontaine',Frans Fontaine Hornbeam,Charme européen 'Frans Fontaine'
CACA,Carpinus caroliniana,Blue-beech,Charme de Caroline
CACAFS,Carpinus caroliniana ''Firespire'',Firespire American Hornbeam,Charme de caroline ''Firespire''
CACARF,Carpinus carolina Rising Fire,Rising Fire American Hornbeam,Charme de Caroline Rising Fire
CCAR,Caragana arborescens,Siberian Pea Tree,Caraganier de Sibérie
CD,Cercidiphyllum,Katsura Tree,Cercidiphyllum
CDJA,Cercidiphyllum japonicum,Katsura Tree,Cercidiphyllum du Japon
CDJABI,Cercidiphyllum j. 'Biringer'(Hanna'sHeartTM),Katsura tree 'Hanna's Heart',Arbre de Katsura 'Coeur d'Hanna'
CDJARF,Cercidiphyllum japonicum 'Red Fox',Red Fox Katsura tree,arbre de Katsura Red Fox
CDJT,Cercidiphyllym japonicum tiges multiples,multi-stem Katsura tree,Cercidiphyllym du Japon tiges multiples
CE,Celtis,Hackberry,Micocoulier
CEOC,Celtis occidentalis,Common Hackberry,Micocoulier occidental
CEOCPP,Celtis occidentalis Prairie Pride,Prairie Pride common Hackberry,micocoulier Prairie Pride
CEOCPS,Celtis occidentalis 'Prairie Sentinel',Celtis occidentalis 'Prairie Sentinel',Celtis occidentalis 'Prairie Sentinel'
CEXXMA,Celtis x 'Magnifica','Magnifica' hackberry,Micocoulier 'Magnifica'
CG,Crataegus,Hawthorn,Aubépine
CGCA,Crataegus canadensis,Crataegus canadensis,Crataegus canadensis
CGCG,Crataegus crus-galli,Crataegus crus-galli,Crataegus crus-galli
CGCGIN,Crataegus crus-galli inermis,Crus-galli Hawthorn,Aubépine crus-galli inerme
CGLACC,Crataegus laevigata 'Crimson Cloud',Crataegus laevigata 'Crimson Cloud',Crataegus laevigata 'Crimson Cloud'
CGMO,Crataegus x mordensis,Hawthorn,Aubépine mordensis
CGMOSN,Crataegus x mordenensis 'Snowbird',Snowbird Hawthorn,Aubépine mordenensis Snowbird
CGMOTO,Crataegus x mordenensis 'Toba',Toba Hawthorn,Aubépine mordenensis Toba
CGOXPS,Crataegus x oxyacantha 'Paul Scarlet',Crataegus x oxyacantha Paul Scarlet,Crataegus x oxyacantha Paul Scarlet
CGPH,Crataegus phaenopyrum,Washington Hawthorn,Aubépine Washington
CH,Chamaecyparis,False Cypress,Chamaecyparis
CHNO,Chamaecyparis nootkatensis,Nootka False Cypress,Chamaecyparis jaune
CHNOAU,Chamaecyparis nootkatensis 'Aurea',Aurea Alaska cedar,Faux cyprès de Nootka
CHNOGL,Chamaecyparis nootkatensis Glauca,Blue Nootka Falsecypress,Faux cyprès de Nootka Glauca
CHNOPE,Chamaecyparis nootkensis Pendula,Weepin Nootka falsecypress,Faux-cyprès Pleureur
CICA,Cercis canadensis,Cercis canadensis,Cercis canadensis
CICAFP,Cercis canadensis 'Forest Pansy','Forest Pansy' Redbud,Gainier du Canada 'Forest Pansy'
CICT,Cercis canadensis tiges multiples,multi-stem Eastern redbud,Gainier du Canada tiges multiples
CL,Cladrastis,Yellow-wood,Virgilier
CLKE,Cladrastis kentukea,American Yellowwood,"Virgilier, Virgilier à bois jaune"
CLLU,Cladastris lutea,American Yellow-wood,Virgilier à bois jaune
CN,Cornus,Dogwood,Cornouiller
CNAL,Cornus alternifolia,Alternate-leaf Dogwood,Cornouiller à feuilles alternes
CNFL,Cornus florida,Flowering dogwood,Cornouiller de Floride
CO,Corylus,Hazel,Noisetier
COCO,Corylus colurna,Turkish Filbert,Noisetier de Byzance
CR,Carya,Hickory,Caryer
CRCO,Carya cordiformis,Bitternut Hickory,Caryer cordiforme
CROV,Carya ovata,Shagbark Hickory,Caryer ovale
CSDE,Castanea Dentata,American chestnut,Chataigner d'Amerique
CT,Catalpa,Catalpa,Catalpa
CTBINA,Catalpa bignonioides 'Nana',Umbrella catalpa,Catalpa parasol
CTSP,Catalpa speciosa,Western Catalpa,Catalpa de l'Ouest
CTSPHE,Catalpa speciosa Heartland (Hiawatha 2),Heartland Catalpa,Catalpa Heartland
CUVI,Chionanthus virginicus,White Fringetree,Arbre de neige
EL,Elaeagnus,Russian Olive,Chalef
ELAN,Elaeagnus angustifolia,Russian Olive,Olivier de Bohème
ELANVT,Elaeagnus angustifolia 'Velvet Touch',Elaeagnus angustifolia 'Velvet Touch',Elaeagnus angustifolia 'Velvet Touch'
EUUL,Eucommia ulmoides,Hardy Rubber Tree,Arbre à gomme
FA,Fagus,Beech,Hêtre
FAGR,Fagus grandifolia,American Beech,Hêtre à grandes feuilles
FASY,Fagus sylvatica,European Beech,Hêtre européen
FASYDA,Fagus sylvatica 'Dawyck Green', Dawyck Green Beech,Fagus sylvatica 'Dawyck Green'
FASYDG,Fagus sylvatica 'Dawyck Gold',Fagus sylvatica 'Dawyck Gold',Fagus sylvatica 'Dawyck Gold'
FASYDP,Fagus sylvatica 'Dawyck Purple',Fagus sylvatica 'Dawyck Purple',Fagus sylvatica 'Dawyck Purple'
FASYPF,Fagus sylvatica 'Purple Fountain',Purple Fountain Beech,Hêtre commun Purple Fountain
FASYPP,Fagus sylvatica 'Purpurea Pendula',Purpurea Pendula European Beech,Hêtre européen Purpurea Pendula
FASYPU,Fagus sylvatica 'Purpurea',Purpurea European Beech,Hêtre européen purpurea
FASYRI,Fagus sylvatica Riversii,European beech Rversii,Hetre européen Riversii
FASYRO,Fagus sylvatica 'Red Obelisk',Red Obelisk European beech,Hêtre européen 'Red Obelisk'
FR,Fraxinus,Ash,Frêne
FRAM,Fraxinus americana,White Ash,Frêne d'Amérique
FRAMAP,Fraxinus americana 'Autumn Purple',Autumn Purple Ash,Frêne d'Amérique Autumn Puple
FRAMJU,Fraxinus americana 'Juglandifolia','Juglandifolia' White Ash,Frêne d'Amérique' 'Juglandifolia'
FRAMKL,Fraxinus americana 'Kleinberg',Kleinberg White Ash,Frêne d'Amérique Kleinberg
FRAMMA,Fraxinus americana 'Manitou',Manitou White Ash,Frêne d'Amérique Manitou
FRAMNB,Fraxinus americana 'Northern Blaze',Northern Blaze White Ash,Frêne d'Amérique Northern Blaze
FRAMSK,Fraxinus americana 'Skyline',Skyline White Ash,Frêne d'Amérique Skyline
FRANOX,Fraxinus angustifolia ssp. oxycarpa,Fraxinus angustifolia ssp. oxycarpa,Fraxinus angustifolia ssp. oxycarpa
FRANRA,Fraxinus angustifolia 'Raywood','Raywood' Narrow-leaved ash,Frêne à feuilles étroites 'Raywood'
FRANSY,Fraxinus angustifolia ssp. syriaca,Fraxinus angustifolia ssp. syriaca,Fraxinus angustifolia ssp. syriaca
FRBU,Fraxinus bungeana,Fraxinus bungeana,Fraxinus bungeana
FRCHRH,Fraxinus chinensis ssp. rynchophylla,Fraxinus chinensis ssp. rynchophylla,Fraxinus chinensis ssp. rynchophylla
FREX,Fraxinus excelsior,European Ash,Frêne d'Europe
FREXAU,Fraxinus excelsior 'Aurefolia',Fraxinus excelsior Aurefolia,Fraxinus excelsior Aurefolia
FREXDI,Fraxinus excelsior 'Diversifolia',European ash excelsior Diversifolia,Frêne d'Europe 'Diversifolia'
FREXDO,Fraxinus excelsior 'Doorenbos',Eurppean ash excelsior Doorenbos,Frêne européen 'Doorenbos'
FREXEU,Fraxinus excelsior 'Eureka',European ash 'Eureka',Frêne européen 'Eureka'
FREXHE,Fraxinus excelsior 'Hessei',European ash 'Hessei',Frêne européen 'Hessei'
FREXKI,Fraxinus excelsior 'Kimberly',European ash 'Kimberly',Frêne européen 'Kimberly'
FRLO,Fraxinus longicuspis,Fraxinus longicuspis,Fraxinus longicuspis
FRMN,Fraxinus mandshurica,Fraxinus mandshurica,Fraxinus mandshurica
FRNI,Fraxinus nigra,Black Ash,Frêne noir
FRNIFG,Fraxinus nigra 'Fall Gold',Fall Gold Black Ash,Frêne noir Fall Gold
FRNINT,Fraxinus nigra 'Northern Treasure',Northern Treasure Black Ash,Frêne noir Northern Treasure
FROR,Fraxinus ornus,Flowering ash,Frêne à fleurs
FRPA,Fraxinus pallisiae,Pallis' ash,Frêne des Balkans
FRPE,Fraxinus pennsylvanica,Red Ash,Frêne de Pennsylvanie
FRPEAU,Fraxinus pennsylvanica 'Aucubifolia',Red ash 'Acubifolia',Frêne rouge 'Acubifolia'
FRPECI,Fraxinus pennsylvanica 'Cimmzam' (Cimmaron),Cimmzam (Cimmaron) Red Ash,Frêne de Pennsylvanie 'Cimmzam' (Cimmaron)
FRPEHA,Fraxinus pennsylvanica 'Harlequin',Harlequin Red Ash,Frêne de Pennsylvanie Harlequin
FRPEMS,Fraxinus pennsylvanica 'Marshall Seedless',Marshall Seedless Red Ash,Frêne de Pennsylvanie Marshall Seedless
FRPEPA,Fraxinus pennsylvanica 'Patmore',Patmore Red Ash,Frêne de Pennsylvanie Patmore
FRPEPS,Fraxinus pennsylvanica 'Prairies Spires',Prairies Spires Red Ash,Frêne de Pennsylvanie Prairies Spires
FRPESB,Fraxinus pennsylvanica 'subintergerrima',Fraxinus p. 'subintergerrima',Fraxinus p. 'subintergerrima'
FRPESP,Fraxinus pennsylvanica 'Superform',Fraxinus pennsylvanica Superform,Fraxinus pennsylvanica Superform
FRPESU,Fraxinus pennsylvanica 'Summit',Summit Red Ash,Frêne de Pennsylvanie Summit
FRPEWA,Fraxinus pennsylvanica 'Warverley',Red ash 'Warverley',Frêne rouge 'Warverley'
FRPR,Fraxinus profunda,Pumpkin ash,Frêne pubescent
FRQU,Fraxinus quadrangulata,Fraxinus quadrangulata,Fraxinus quadrangulata
FRSI,Fraxinus sieboldiana,Siebold ash,Frêne de Siebold
FRSO,Fraxinus sogdiana,Fraxinus sogdiana,Fraxinus sogdiana
FRVE,Fraxinus velutina,Fraxinus velutina,Fraxinus velutina
GI,Ginkgo,Maidenhair Tree,Ginkgo
GIBI,Ginkgo biloba,Maidenhair Tree,Ginkgo à feuilles bilobées
GIBIAG,Ginkgo biloba 'Autumn Gold',Autumn Gold Maidenhair Tree,Ginkgo à feuilles bilobées Autumn Gold
GIBIFA,Ginkgo biloba 'Fastigiata',Fastigiata MAidenhair tree,Ginkgo Fastigiata
GIBIGC,Ginkgo biloba 'Golden Colonnade',Golden Colonnade Maidenhair tree,Ginkgo biloba 'Golden Colonnade'
GIBIGG,Ginkgo biloba 'Golden Globe',Golden Globe ginkgo tree,Arbre aux quarante écus Golden Globe
GIBIGO,Ginkgo biloba f. Goldspire,Ginkgo Goldspire,Arbre aux 40 écus Goldspire
GIBIMA,Ginkgo biloba mâle,Ginkgo biloba mâle,Ginkgo biloba mâle
GIBIMG,Ginkgo biloba ''Magyar'',Ginkgo biloba Magyar,Ginkgo biloba Magyar
GIBIPE,Ginkgo biloba 'Pendula',Pendula Maidenhair Tree,Ginkgo à feuilles bilobées Pendula
GIBIPG,Ginkgo b.'The President' (Presidential Gold),Presidential Gold Maidenhair tree,Ginkgo biloba 'The President'
GIBIPS,Ginkgo biloba 'Princeton Sentry',Princeton Sentry Maidenhair Tree,Ginkgo à feuilles bilobées Princeton Sentry
GIBIST,Ginkgo biloba 'Sky Tower',Sky Tower Maidenhair Tree,Ginkgo à feuilles bilobées 'Sky Tower'
GIBIWG,Ginkgo biloba Windover Gold,Maidenhair Tree Windover Gold,Arbre aux quarante écus Windover Gold
GIBIWO,Ginkgo biloba 'Woodstock' (Emperor TM),Ginkgo biloba 'Woodstock' (Emperor TM),Ginkgo biloba 'Woodstock' (Emperor TM)
GL,Gleditsia,Honey-Locust,Févier
GLTR,Gleditsia triacanthos,Common Honey-Locust,Févier d'Amérique
GLTREL,Gleditsia triacanthos 'Elegantissima',Elegantissima Honey Locust,Févier Elegantissima
GLTRFA,Gleditsia triacanthos 'Fairview',Fairview Honey-Locust,Fèvier inerme Fairview
GLTRHA,Gleditsia triacanthos 'Halka',Halka Honey-Locust,Févier Halka
GLTRIM,Gleditsia triacanthos 'Imperial',Imperial Honey-Locust,Févier Imperial
GLTRIN,Gleditsia triacanthos var. inermis,Thornless Honey-Locust,Févier inerme d'Amérique
GLTRMO,Gleditsia triacanthos 'Moraine',Moraine Honey-Locust,Févier Moraine
GLTRNA,Gleditsia triacanthos 'Northern Acclaim',Northern Acclaim Honey-Locust,Févier 'Northern Acclaim'
GLTRNS,Gleditsia triacanthos 'Northern Sentinel',Northern Sentinel Honeylocust,Fevier d'Amérique 'Northern Sentinel'
GLTRPS,Gleditsia triacanthos 'Prairie Silk',Gleditsia triacanthos Prairie Silk,Gleditsia triacanthos Prairie Silk
GLTRRU,Gleditsia triacanthos 'Rubylace',Rubylace Honey-Locust,Févier Rubylace
GLTRSH,Gleditsia triacanthos 'Shademaster',Shademaster Honey-Locust,Févier Shademaster
GLTRSK,Gleditsia triacanthos 'Skyline',Skyline Honey-Locust,Févier Skyline
GLTRSN,Gleditsia t. 'Sungolzam'  (Sun Gold TM),Sunset Gold Honeylocust,fevier Sunset Gold
GLTRSP,Gleditsia triacanthos 'Spectrum',Spectrum Honey-Locust,Févier Spectrum
GLTRST,Gleditsia triacanthos 'Street Keeper',Gleditsia triacanthos 'Street Keeper',Gleditsia triacanthos 'Street Keeper'
GLTRSU,Gleditsia triacanthos 'Sunburst',Sunburst Honey-Locust,Févier Sunburst
GLTRTS,Gleditsia triacanthos 'True Shade',True Shade honeylocust,fèvier True Shade
GY,Gymnocladus,Coffee Tree,Chicot
GYDI,Gymnocladus dioicus,Kentucky Coffeetree,Chicot du Canada
GYDIES,Gymnocladus dioicus 'Espresso',Kentucky Coffeetree 'Espresso',Chicot du Canada 'Espresso'
GYDIJC,Gymnocladus dioicus (PrairieTitanTM),Prairie Titan Kentucky coffeetree,Chicot 'Prairie Titan'
GYDISM,Gymnocladus dioicus 'Stately Manor',Stately Manor Kentucky Coffeetree,Chicot du Canada 'Stately Manor'
HEMI,Heptacodium miconioides,Seven-son flower,Heptacodium miconioides
JN,Juniperus,Juniper,Génévrier
JNCHFA,Juniperus chinensis ''Fairview'',Fairview Juniper,Génévrier de Chine 'Fairview'
JNCHMO,Juniperus chinensis 'Mountbatten',Mountbatten juniper,Génévrier de Chine 'Mountbatten'
JNSCWB,Juniperus scopulorum 'Wichita Blue',Rocky Mountain juniper,Genevrier des Rocheuses
JNVI,Juniperus virginiana,Eastern Red Cedar,Genévrier de Virginie
JNVISK,Juniperus virginiana 'Skyrocket',Skyrocket Juniper,Genévrier de Virginie Skyrocket
JU,Juglans,"Walnut, Butternut",Noyer
JUAI,Juglans ailantifolia var. cordiformis,Juglans ailantifolia var. cordiformis,Juglans ailantifolia var. cordiformis
JUCI,Juglans cinerea,Butternut,Noyer cendré
JUMA,Juglans mandschurica,Juglans mandschurica,Juglans mandschurica
JUNI,Juglans nigra,Eastern Black Walnut,Noyer noir
JURE,Juglans regia,English Walnut,Noyer royal
KOPA,Koelreuteria paniculata,Golden rain tree,Savonnier
LA,Larix,Larch,Mélèze
LADE,Larix decidua,European Larch,Mélèze d'Europe
LADEPE,Larix decidua 'Pendula',Weeping European Larch,Mélèze d'Europe pleureur
LAKA,Larix kaempferi,Japanese Larch,Mélèze du Japon
LAKABR,Larix kaempferi 'Blue Rabbit',Larix kaempferi 'Blue Rabbit',Larix kaempferi 'Blue Rabbit'
LAKADI,Larix kaempferi 'Diana',Diana Japanese Larch,Méleze du Japon Diana
LAKAJP,Larix kaempferi Jacobsen's Pyramid,Jacobsen's Pyramid Japanese larch,mélèze du Japon Jacobsen's Pyramid
LALA,Larix laricina,Tamarack,Mélèze laricin
LI,Liriodendron,Tulip Tree,Tulipier
LITU,Liriodendron tulipifera,Tulip Tree,Tulipier de Virginie
LITUEC,Liriodendron tulipifera Emerald City TM,Emerald City Tulip Tree,Liriodendron Emerald City
LQSTCH,Liquidambar styraciflua 'Cherokee',Sweetgum 'Cherokee',Copalme d'Amérique 'Cherokee'
LQSTMO,Liquidambar styraciflua 'Moraine',Moraine Sweetgum,Liquidambar 'Moraine'
LQSTSS,Liquidambar styraciflua 'Slender Silhouette',American sweetgum 'Slender Silhouette',Copalme d'Amérique 'Slender Silhouette'
LQSTWO,Liquidambar styraciflua Worplesdon,Sweetgum Worplesdon,Liquidambar Worplesdon
MA,Malus,Crab Apple,Pommier
MAAN,Malus domestica Antonovka,Malus antonovka,Malus antonovka
MABA,Malus baccata,Siberian Crab Apple,Pommetier de Sibérie
MABACO,Malus baccata 'Columnaris',Columnar Siberian Crab Apple,Pommetier de Sibérie colonnaire
MABAER,Malus baccata 'Erecta',Erecta Siberian Crab Apple,Pommetier de Sibérie erecta
MABAJA,Malus baccata 'Jackii',Malus baccata 'Jackii',Malus baccata 'Jackii'
MABAMN,Malus baccata 'Mandshurica',Mandshurica Crab Apple,Pommetier Mandshurica
MABARH,Malus baccata 'Rosthern',Rosthern Crab Apple,Pommetier Rosthern
MACO,Malus coronaria,Wild Crab Apple,Pommetier odorant
MADOCO,Malus domestica 'Courageous',Courageous Crabapple,Pommetier décoratif 'Courageous'
MADOEM,Malus domestica 'Empire',Malus domestica 'Empire',Pommier Empire
MADONO,Malus domestica 'Novamac',Novamac apple tree,Pommier 'Novamac'
MADORE,Malus domestica 'Redfree',Redfree Apple,Pommier Redfree
MADORO,Malus domestica 'Rouville',Rouville Apple tree,Pommier domestique 'Rouville'
MAIO,Malus ioensis,Bechtel Crab Apple,Pommetier de Bechtel
MAIOPL,Malus ioensis 'Plena',Plena Bechtel Crab Apple,Pommetier de l'Iowa
MAPRRI,Malus prunifolia 'Rinki',Rinki Plum-leaved Crab Apple,Pommetier Rinki
MAROER,Malus robusta 'Erecta',Nom anglais,Pommetier Erecta
MAXDU,Malus x adstringens 'Durleo' (Gladiator TM),Malus x adstringens 'Durleo' (GladiatorTM),Malus x adstringens 'Durleo' (Gladiator TM)
MAXXAA,Malus 'Adams',Adams crabapple,Pommetier 'Adams'
MAXXAD,Malus x 'Adirondack',Malus x Adirondack,Malus x Adirondack
MAXXAL,Malus x 'Almey',Almey Crab Apple,Pommetier Almey
MAXXBA,Malus x Battleford,Battleford Apple,Pommier x Battleford
MAXXBE,Malus x domestica 'Belmac',Malus x domestica 'Belmac',Malus x domestica 'Belmac'
MAXXBR,Malus x Brandywine®,Brandywine® Crab Apple,Pommetier Brandywine®
MAXXCE,Malus x Centurion®,Centurion® Crab Apple,Pommetier Centurion®
MAXXDO,Malus x 'Dolgo',Dolgo Crab Apple,Pommetier Dolgo
MAXXDR,Malus x DreamWeaver (TM),DreamWeaver columnar Crabapple,Pommetier colonnaire 'DreamWeaver'
MAXXFR,Malus x domestica 'Freedom',Malus x domestica 'Freedom',Malus x domestica 'Freedom'
MAXXGI,Malus x Gingergold,Gingergold Apple,Pommier Gingergold
MAXXGO,Malus x Goodland,Goodland Apple,Pommier Goodland
MAXXGR,Malus x 'Golden Raindrops',Malus x 'Golden Raindrops',Malus x 'Golden Raindrops'
MAXXHA,Malus x Haralson,Haralson Apple,Pommier Haralson
MAXXHG,Malus x 'Harvest Gold'¿,Harvest Gold TM Crab Apple,Pommetier Harvest Gold TM
MAXXHN,Malus x Honeycrisp,Honeycrisp Apple,Pommier Honeycrisp
MAXXHO,Malus x 'Hopa',Hopa Crab Apple,Pommetier Hopa
MAXXIM,Malus x 'Indian Magic',Indian Magic Crab Apple,Pommetier Indian Magic
MAXXIS,Malus x 'Indian Summer',Indian Summer Crab Apple,Pommetier Indian Summer
MAXXJE,Malus x 'Jefspire' (Purple Spire TM),Purple Spire Crabapple,Pommetier Purple Spire
MAXXJF,Malus x  'Jeflite' (Starlite TM),Starlite Flowering crabapple,Pommetier 'Jeflite'
MAXXJG,Malus x 'Jefgreen' (Emerald Spire TM),Emerals Spire Crabapple,Pommetier Emerald Spire
MAXXJT,Malus x ''Jaune Transparente'',Yellow transparent Apple,Pommier ''Jaune transparente''
MAXXKE,Malus x 'Kelsey',Kelsey Carbapple,Pommetier Kelsey
MAXXLB,Malus x Liberty,Liberty Apple,Pommier Liberty
MAXXLI,Malus x 'Liset',Malus x 'Liset',Malus x 'Liset'
MAXXMA,Malus x 'Makamik',Makamik Crab Apple,Pommetier Makamik
MAXXMB,Malus x 'Maybride',Maybride Crab Apple,Pommetier Maybride
MAXXMD,Malus x 'Madonna',Madonna Crab Apple,Pommetier Madonna
MAXXMY,Malus x 'Maypole',Columnar apple MAypole,Pommetier Maypole Colonade
MAXXPA,Malus x 'Prairifire',Prairifire Crab Apple,Pommetier Prairifire
MAXXPG,Malus x ''Purple Gem'',Purple Gem crabapple,Pommetier Purple Gem
MAXXPP,Malus 'Pink Perfection',Malus 'Pink Perfection',Malus 'Pink Perfection'
MAXXPR,Malus x 'Profusion',Profusion Crab Apple,Pommetier Profusion
MAXXPS,Malus x 'Pink Spires',Pink Spires Crab Apple,Pommetier Pink Spires
MAXXPW,Malus x 'Purple Wave',Malus x 'Purple Wave',Malus x 'Purple Wave'
MAXXRA,Malus x 'Radiant',Radiant Crab Apple,Pommetier Radiant
MAXXRB,Malus x 'Robinson',Robinson Crab Apple,Pommetier Robinson
MAXXRE,Malus x 'Red Jewel',Red Jewel Crabapple,Pommetier Red Jewel
MAXXRI,Malus x Richelieu,apple Richelieu,pommier Richelieu
MAXXRJ,Malus x 'Red Jade',Red Jad Crab Apple,Pommetier Red Jade
MAXXRL,Malus 'Royal Splendor',Malus 'Royal Splendor',Malus 'Royal Splendor'
MAXXRN,Malus 'Red Baron',Red Baron Crabapple,Pommetier 'Red Baron'
MAXXRO,Malus x 'Royalty',Royalty Crab Apple,Pommetier Royalty
MAXXRP,Malus x 'Red Splendor',Malus x 'Red Splendor',Malus x 'Red Splendor'
MAXXRR,Malus x 'Royal Raindrops',Malus x 'Royal Raindrops,Malus x 'Royal Raindrops'
MAXXRS,Malus x 'Rosseau',Rosseau Crab Apple,Pommetier Rosseau
MAXXRU,Malus x 'Rudolph',Malus Rudolph,Malus Rudolph
MAXXSC,Malus x 'Scarlet' (Brandy Wine TM),Malus Scarlet (Brandy Wine),Malus Scarlet (Brandy Wine)
MAXXSG,Malus x 'Sugar Tyme',Malus Sugar Tyme,Malus Sugar Tyme
MAXXSK,Malus x 'Selkirk',Malus Selkirk,Malus Selkirk
MAXXSN,Malus x 'Snowcloud',Snowcloud Crab Apple,Pommetier Snowcloud
MAXXSO,Malus x 'Snowdrift',Snowdrift Crabapple,Pommetier Snowdrift
MAXXSR,Malus sp. September Ruby,September Ruby Apple,Pommier September Ruby
MAXXSS,Malus x 'Spring Snow',Malus Spring Snow,Malus Spring Snow
MAXXST,Malus x 'Strathmore',Strathmore Crab Apple,Pommetier Strathmore
MAXXTB,Malux x ''Thunder Bay'',Thunder Bay crabapple,pommetier Thunder Bay
MAXXTH,Malus x 'Thunderchild',Thunderchild Crab Apple,Pommetier Thunderchild
MAXXVP,Malus x 'Velvet Pillar',Velvet Pillar Crab Apple,Pommetier Velvet Pillar
MAXXWA,Malus 'White Angel',Malus 'White Angel',Malus 'White Angel'
MAXXWG,Malus x 'Winter Gold',Winter Gold Crab Apple,Pommetier Winter Gold
MAXXWS,Malus x 'White Splendor',White Splendor Crab Apple,Pommetier White Splendor
MC,Maackia,Maackia,Maackie
MCAM,Maackia amurensis,Amur Maackia,Maackia de l'Amur
MCAMMA,Maackia amurensis ''MaccNificient'',MaackNificient Macckia,Macckie de l'Amur MaacNificient
MCAMST,Maackia amurensis 'Starburst',Starburst Amur Maackia,Maackia Starburst
MCAMSU,Maackia amurensis 'Summertime',Summertime Amur Maackia,Maackia Summertime
MEGL,Metasequoia glyptostroboides,Dawn Redwood,Métaséquoia
MG,Magnolia,Magnolia,Magnolia
MGAC,Magnolia acuminata,Magnolia acuminata,Magnolia acuminata
MGADEL,Magnolia acuminata x denudata 'Elizabeth',Magnolia Elizabeth,Magnolia Elizabeth
MGFRGO,Magnolia fraseri 'Goldstar',Goldstar Magnolia,Magnolia Goldstar
MGKO,Magnolia kobus,=,Magnolia kobus
MGLO,Magnolia x loebneri,Loebner Magnolia,Magnolia de Loebner
MGLOLM,Magnolia x loebneri 'Leonard Messel',Leonard Messel Magnolia,Magnolia Leonard Messel
MGRURU,Magnolia rustica 'Rubra',Magnolia rustica Rubra,Magnolia rustica Rubra
MGSO,Magnolia x soulangiana,Saucer Magnolia,Magnolia de Soulange
MGSTRS,Magnolia stellata 'Royal Star',Star Magnolia 'Royal Star',Magnolia étoile 'Royal Star'
MGXXDA,Magnolia x 'Daybreak',Magnolia 'Daybreak',Magnolia 'Daybreak'
MGXXGA,Magnolia x 'Galaxy',Magnolia 'Galaxy',Magnolia 'Galaxy'
MGXXLS,Magnolia 'Little Susan',Magnolia 'Little Susan',Magnolia 'Little Susan'
MGXXSU,Magnolia x 'Sunburst',Magnolia 'Sunburst',Magnolia 'Sunburst'
MGXYB,Magnolia x Yellow Bird,Magnolia Yellow Bird,Magnolia Yellow Bird
MO,Morus,Mulberry,Mûrier
MOAL,Morus alba,White Mulberry,Mûrier blanc
MOALPE,Morus alba 'Pendula',Weeping White Mulberry,Mûrier blanc pleureur
MORU,Morus rubra,Red Mulberry,Mûrier rouge
NYSY,Nyssa sylvatica,Nyssa sylvatica,Nyssa sylvatica
NYSYFF,Nyssa sylvatica ''Forest Fire'',Forest Fire Blackgum,Nyssa sylvestre Forest Fire
NYSYGG,Nyssa sylvatica ''Green Gable'',Green Gable Blackgum,Nyssa sylvestre Green Gable
NYSYMA,Nyssa sylvatica 'Majestic',Black gum Majestic tree,Gommier noir (Tulepo)
NYSYWI,Nyssa sylvatica 'Wildfire',Wildfire Black gum,Gommier noir 'Wildfire'
OSVI,Ostrya virginiana,American Hop-Hornbeam Ironwood,Ostryer de Virginie
PAPE,Parrotia persica,Persian Ironwood,Arbre de fer de Perse
PETR,Ptelea trifoliata,Three-leaved Hop-tree,Ptéléa trifolié
PH,Phellodendron,Cork Tree,Phellodendron
PHAM,Phellodendron amurensis,Amur Cork tree,Phellodendron de l'Amour
PHAMHM,Phellodendron amurensis 'His Majesty',His Majesty Amur corktree,Phellodendron His Majesty
PHAMLO,Phellodendron amurensis Longenecker,Amur Corktree Longenecker,Phellodendron de l'amur Longenecker
PHAMMA,Phellodendron amurensis 'Macho',Macho Amur Cork Tree,Phellodendron de l'Amour Macho
PHAMME,Phellodendron amurensis 'Maelio',Maelio Amur Cork Tree,Phellodendron de l'Amour Maelio
PHLALO,Phellodendron l. 'Longenecker' (Eye Stopper),Eye Stopper Cork Tree,Phellodendron Lavallei Eye Stopper
PI,Picea,Spruce,Épinette
PIAB,Picea abies,Norway Spruce,Épinette de Norvège
PIABCU,Picea abies 'Cupressina',Cupressina Norway spruce,Épinette de Norvège Cupressina
PIABRS,Picea abies Rubra Spicata,Red Tipped Norway Spruce,Épinette de Norvège Rubra Spicata
PIGL,Picea glauca,White Spruce,Épinette blanche
PIGLNP,Piceau glauca 'North Pole',White spruce 'North Pole',Épinette blanche 'North Pole'
PIGLPE,Picea glauca 'Pendula',Weeping White Spruce,Épinette blanche pleureuse
PIMA,Picea mariana,Black Spruce,Épinette noire
PIOM,Picea omorika,Serbian Spruce,Épinette de Serbie
PIOMBR,Picea omorika Bruns,Serbian spruce,épinette de Serbie
PIOMGW,"Picea omorika ""Gotelli Weeping""",Weeping Serbian Spruce,Épinette de Serbie Pleureuse
PIPU,Picea pungens,Colorado Spruce,Épinette du Colorado
PIPUBA,Picea pungens 'Bakeri',Picea pungens 'Bakeri',Picea pungens 'Bakeri'
PIPUBB,Picea pungens ''Baby Blue Eyes'',Baby Blue Eyes Colorado Spruce,Épinette du Colorado Baby Blue Eyes
PIPUBL,Picea pungens 'Bonny Blue','Bonny Blue' Blue Spruce,Épinette du Colorado 'Bonny Blue'
PIPUBT,Picea pungens 'Blue Totem',Blue Totem Colorado spruce,Épinette du Colorado 'Blue Totem'
PIPUCO,Picea punges glauca Colorado,Colorado blue spruce,Épinette bleu du Colorado
PIPUCS,Picea pungens Colson's Select Blue,Colorado spruce Colson's Select Blue,épinette bleu Colson's Select Blue
PIPUEN,Picea pungens 'Engelm',Picea pungens 'Engelm',Picea pungens 'Engelm'
PIPUFA,Picea pungens 'Fat Albert',Fat Albert Colorado Spruce,Épinette du Colorado Fat Albert
PIPUGL,Picea pungens 'Glauca',Glauca Blue Spruce,Épinette du Colorado Glauca
PIPUHO,Picea pungens 'Hoopsii',Hoopse's Blue Spruce,Épinette du Colorado Hoopsii
PIPUIF,Picea pungens Iseli Fastigiata,spruce Iseli Fastigiata,épinette
PIPUKO,Picea pungens 'Koster',Koster's Blue Spruce,Épinette du Colorado Koster
PIPUPE,Picea pungens 'Pendula',Weeping Colorado Spruce,Épinette du Colorado pleureuse
PIPUSI,Picea pungens glauca San Isabel,Picea pungens galuca San Isabel,Épinette bleu du Colorado San Isabel
PIRU,Picea rubens,Red Spruce,Épinette rouge
PL,Platanus,Sycamore,Platane
PLACBL,Platanus x acerifolia ''Bloodgood'',Bloodgood London Planetree,Platane de Londres Bloodgood
PLACEX,Platanus x a. 'Morton Circle (Exclamation TM),Exclamation London Planetree,Platane Exclamation
PLOC,Platanus occidentalis,Eastern Sycamore,Platane occidental
PN,Pinus,Pine,Pin
PNBA,Pinus banksiana,Jack Pine,Pin gris
PNCE,Pinus cembra,Pinus cembra,Pinus cembra
PNCO,Pinus contorta,Pinus contorta,Pinus contorta
PNFL,Pinus flexilis,Limber Pine,Pin flexible
PNKO,Pinus koraiensis,Korean Pine,Pin blanc de Corée
PNMU,Pinus mugo,Mugo Pine,Pin mugo
PNMUTA,Pinus mugo 'Tannenbaum',Pinus mugo 'Tannenbaum',Pinus mugo 'Tannenbaum'
PNNI,Pinus nigra,Black pine,Pin noir
PNNIAS,Pinus nigra 'Arnold Sentinel',Arnold Sentinel Austrian Pine,Pin noir d'Autriche Arnold Sentinel
PNNIAU,Pinus nigra 'Austriaca',Austrian Pine,Pin noir d'Autriche
PNNIPY,Pinus nigra Pyramidalis,black Austrian pine,pin noir d'Autriche fastigié
PNPAGL,Pinus parvifolia 'Glauca',Japanese White PIne,Pin parviflora Glauca
PNPOSC,Pinus ponderosa var. scopulorum,Ponderosa Pine,Pin Ponderosa
PNRE,Pinus resinosa,Red Pine,Pin rouge
PNST,Pinus strobus,Eastern White Pine,Pin blanc
PNSTFA,Pinus strobus 'Fastigiata',Fastigiata Eastern White Pine,Pin blanc 'Fastigiata'
PNSY,Pinus sylvestris,Scots Pine,Pin sylvestre
PNSYFA,Pinus sylvestris 'Fastigiata',pyramidal Scotch pine,Pin sylvestre 'Fastigiata'
PO,Populus,"Poplar, Aspen, Cottonwood",Peuplier
POAL,Populus alba,European White Poplar,Peuplier blanc
POALBO,Populus alba 'Bolleana',Populus alba 'Bolleana',Populus alba 'Bolleana'
POALNI,Populus alba 'Nivea',Populus alba 'Nivea',Populus alba 'Nivea'
POALPY,Populus alba 'Pyramidalis',Bolleana Poplar,Peuplier blanc pyramidal
POBA,Populus balsamifera,Balsam Poplar,Peuplier baumier
POCA,Populus x canadensis,Carolina Poplar,Peuplier de Caroline
POCAER,Populus x canadensis 'Erecta',Populus x canadensis 'Erecta',Populus x canadensis 'Erecta'
POCAEU,Populus x canadensis 'Eugenii',Eugenii Carolina Poplar,Peuplier de Caroline Eugenii
POCAHE,Populus x canadensis Heidehij,Populus x canadensis Heidehij,Populus x canadensis Heidehij
POCAPS,Populus x canadensis 'Prairie Sky',Prairie Sky Poplar,Peuplier Prairie Sky
POCASE,Populus x canadensis 'Serotina',Populus x canadensis 'Serotina',Populus x canadensis 'Serotina'
POCNTO,Populus canescens 'Tower',Tower Poplar,Peuplier Tower
PODE,Populus deltoides,Eastern Cottonwood,Peuplier deltoïde
PODESI,Populus deltoides 'Siouxland',Siouxland Eastern Cottonwood,Peuplier deltoides Siouxland
POGR,Populus grandidentata,Large Toothed Aspen,Peuplier à grandes dents
PONI,Populus nigra,Black Poplar,Peuplier Noir
PONIIT,Populus nigra 'Italica',Lombardy Poplar,Peuplier de Lombardie
PONITH,Populus nigra 'Thevestina',Thebessa Poplar,Peuplier de Thebessa
POSIFA,Populus simonii 'Fastigiata',Pyramidal Simon Poplar,Peuplier de Simon fastigié
POTEER,Populus tremula 'Erecta',Upright European Aspen,Tremble européen colonnaire
POTR,Populus tremuloides,Trembling Aspen,Peuplier faux-tremble
POTRER,Populus tremuloides 'Erecta',Erecta Trembling Aspen,Peuplier faux-tremble Erecta
POTRMS,Populus tremuloides 'Mountain Sentinel','Mountain Sentinel' trembling poplar,Peuplier faux-tremble 'Mountain Sentinel'
POXX,Populus sp.(hybrides),Populus sp.(hybrides),Populus sp.(hybrides)
PR,Prunus,"Plum, Cherry or Peach tree","Prunier, Cerisier ou Pêcher"
PRAM,Prunus americana,American Plum,Prunier d'Amérique
PRAMTO,Prunus Américain Toka,Toka Plum,Prunier Americana Toka
PRARHA,Prunus armeniaca 'Harcot',Harcot apricot tree,Abricotier 'Harcot'
PRARPG,Prunus armeniaca 'Puget Gold',Puget Gold apricot tree,Abricotier 'Puget Gold'
PRARSC,Prunus armeniaca 'Scout',Apricot Scout,Abricotier d'Arménie 'Scout'
PRARTI,Prunus armeniaca 'Tilton,Tilton apricot tree,Abricotier Tilton
PRAVBI,Prunus avium 'Bing',Bing cherry,Cerisier 'Bing'
PRAVLA,Prunus avium 'Lapins',Lapins Cherrry,Cerisier Lapins
PRAVRA,Prunus avium 'Rainier',Rainier cherry,Cerisier européen 'Rainier'
PRCA,Prunus cerasus,Cherry plum,Cerisier acide
PRCACJ,Prunus cerasus 'Carmine Jewel',Carmine Jewel dwarf sour cherry tree,Cerisier acide 'Carmine Jewel'
PRCAEV,Prunus cerasus ''Evans'',Evans Cherry plum,Cerisier acide 'Evans'
PRCAME,Prunus cerasus 'Meteor',Meteor cherry,Cerisier 'Météor'
PRCAMO,Prunus cerasus ''Montmorency'',Montmorency Cherry plum,Cerisier acide Montmorency
PRCANS,Prunus cerasus 'North Star',Dwarf sour cherry tree 'North Star',Cerisier 'North Star'
PRCE,Prunus cerasifera,Sour Cherry,Cerisier aigre
PRCENE,Prunus cerasifera 'Newport',Prunus cerasifera 'Newport',Prunus cerasifera 'Newport'
PRCR03,Prunus 'cerisier multifruits 3-1,3-1 cherry,Cerisier multifruits 3-1
PRCR04,Prunus 'cerisier multifruits 4-1',4-1 cherry,cerisier multifruits 4-1
PRDO,Prunus domestica,Common Plum,Prunier domestique
PRDODA,Prunus domestica 'Damas',Damas Plum tree,Prunier européen 'Damas'
PRDOIT,Prunus domestica var. Italienne,Italian Plum,Prunier Italien
PRDOMI,Prunus domestica 'Mirabelle',Mirabelle Plum,Prunier Mirabelle
PRDOMR,Prunus domestica 'Mont-Royal',European Plum Montr-Royal,Prunier 'Mont-Royal'
PRDORC,Prunus domestica 'Reine Claude',European plum 'Reine Claude',Prunier européen 'Reine Claude'
PRDOST,Prunus domestica 'Stanley',European plum,Prunier européen Stanley
PRFCCP,Prunus fructicosa xcerasus 'Crimson Passion',Dwarf Cherry 'Crimson Passion',Cerisier SK 'Crimson Passion'
PRMA,Prunus maackii,Amur Chokecherry,Ceriser de l'amur
PRMAJE,Prunus maakii 'Jefree' (Goldrush TM),Prunus maakii 'Jefree',Prunus maakii 'Jefree'
PRMAJF,Prunus maakii 'Jefspur' (Goldspur TM),Prunus maakii 'Jefspur',Prunus maakii 'Jefspur'
PRMAKL,Prunus maackii 'Klondike',Klondike amur cherry,Ceriser de mandchourie 'Klondike'
PRMU03,Prunus multifruits 3 dans 1,3-1 plum,Prunier multifruits 3 dans 1
PRMU04,Prunus multifruits 4 dans 1,Prunus multifruits 4 dans 1,Prunus multifruits 4 dans 1
PRNI,Prunus nigra,Canada Plum,Prunier noir
PRPA,Prunus padus,European Birdcherry,Cerisier à grappes
PRPACM,Prunus padus 'Commutata',Commutata Bird Cherry,Cerisier à grappes Commutata
PRPACO,Prunus padus 'Colorata',Colorata European Birdcherry,Cerisier à grappes Colorata
PRPASR,Prunus padus 'Skinner's Red',Prunus padus 'Skinner's Red',Prunus padus 'Skinner's Red'
PRPE,Prunus persica,Peach Tree,Pêcher
PRPEFR,Prunus persica ''Frost'',Frost Peach,Pêcher ''Frost''
PRPERE,Prunus persica 'Reliance',Peach 'Reliance',Pêcher 'Reliance'
PRPN,Prunus pensylvanica,Wild Red Cherry,Cerisier de Pennsylvanie
PRSE,Prunus serotina,Black Cherry,Cerisier tardif
PRSLBU,Prunus salicina 'Burbank',Burbank Japanese plum,Prunier japonais 'Burbank'
PRSLEG,Prunus salicina 'Early golden',Plum Early Golden,Prunier japonais early golden
PRSLPT,Prunus salicina 'Ptitsin',Ptitsin Plum,Prunier Ptitsin
PRSLTO,Prunus salicina 'Toka',Toka japanese plum,Prunier japonais 'Toka'
PRSRKW,Prunus serrulata 'Kwanzan',Kwanzan Flowering Japanese Cherry,Cerisier du Japon Kwanzan
PRSU,Prunus subhirtella,Higan cherry,Cerisier à fleurs Higan
PRSYCO,Prunus sub. syriaca 'Compass',Compass cherry-plum,Mirabellier 'Compass'
PRTO,Prunus tomentosa,Nanking cherry,Cerisier tomenteux (de Nankin)
PRVI,Prunus virginiana,Chokecherry,Cerisier de Virginie
PRVICR,Prunus virginiana 'Canada Red',Canada Red Chokecherry,Cerisier de Virginie Canada Red
PRVISC,Prunus virginiana 'Schubert',Schubert's Chokecherry,Cerisier de Virginie Schubert
PRXXCI,Prunus x cistena,Prunus x cistena,Prunus x cistena
PRXXCJ,Prunus 'Carmine Jewel',Carmine Jewel cherry,Cerisier 'Carmine Jewel'
PRXXCO,Prunus besseyi x salicina 'Convoy','Convoy' chum,Prunier-cerisier Convoy
PRXXKA,Prunus besseyi x salicina 'Kappa','Kappa' chum,Prunier-cerisier kappa
PRXXMA,Prunus besseyi x salicina 'Manor',Manor chum,Prunier-cerisier 'Manor'
PRXXST,Prunus x 'Stella',Stella Cherry,Cerisier Stella
PRXYAK,Prunus x yedoensis 'Akebono',Daybreak Yoshino Cherry,Cerisier décoratif Akebono
PS,Pseudostuga,Douglas Fir,Sapin de Douglas
PSME,Pseudotsuga menziesii,Douglas Fir,Sapin de Douglas
PSMEGL,Pseudostuga menziesii 'Glauca',Rocky Mountain Douglas Blue Fir,Sapin de Douglas bleu
PSMEPE,Pseudotsuga menziesii 'Pendula',Weeping Douglas Fir,sapin Douglas pleureur
PTST,Pterocarya stepnotera,Chinese Wingnut,Ptérocaryer de Chine
PY,Pyrus,Pear,Poirier
PYCA,Pyrus calleryana,Callery Pear,Poirier de Chine
PYCAAB,Pyrus calleryana 'Autumn Blaze',Pyrus calleryana 'Autumn Blaze',Pyrus calleryana 'Autumn Blaze'
PYCAAR,Pyrus calleryana 'Aristocrat',Aristocrat ornemental pear,Poirier de Chine 'Aristocrat'
PYCACH,Pyrus calleryana 'Glen's Form (Chantecleer),Pyrus calleryana Chantecleer,Poirier Chantecleer
PYCO,Pyrus communis,Common pear,Poirier commun
PYCOBA,Pyrus communis ''Bartlett'',Bartlett Pear,Poirier Bartlett
PYCOBF,Pyrus communis ''Beauté Flamande',Beaute Flamande Pear,Poirier Beauté Flamande
PYCOCL,Pyrus communis ''Clapp''',Clapp pear,Poirier Clapp
PYCOLU,Pyrus communis Luscious,Luscious Pear,Poirier Luscious
PYCOPA,Pyrus communis 'Patten',Poirier Patten,Patten European Pear
PYCOSA,Pyrus communis 'Savignac',Pyrus communis 'Savignac',Pyrus communis 'Savignac'
PYCOSS,Pyrus communis 'Ste-Sophie'',Ste-Sophie European Pear,Poirier européen Ste-Sophie
PYCOSU,Pyrus communis Summercrisp,Summercrisp Pear,Poirier Summercrisp
PYMU04,Pyrus multifruits 4 dans 1,4-1 pear,Poirier multifruits 4 dans 1
PYPYCH,Pyrus pyrifolia 'Chojuro',Chojuro Asian Pear,Poirier asiatique Chojuro
PYPYNI,Pyrus pyrifolia 'Nijisseiki',Nijisseiki Asian pear,Poirier asiatique 'Nijisseiki'
PYPYSH,Pyrus pyrifolia 'Shinseiki',Shinseiki asian Pear,Poirier asiatique Shinseiki
PYUS,Pyrus ussuriensis,Pyrus ussuriensis,Pyrus ussuriensis
PYUSEG,Pyrus ussuriensis Early Golden,Early Gold Pear,Poirier rustique Early Golden
PYUSGS,Pyrus ussuriensis Golden Spice,Golden Spice Pear,Poirier rustique `Golden Spice`
PYUSLA,Pyrus ussurensis 'Larinskaya',Larinskaya Pear,Poirier de Sibérie 'Larinskaya'
PYUSMF,Pyrus ussuriensis 'Mountain Frost',Pyrus ussuriensis 'Mountain Frost',Pyrus ussuriensis 'Mountain Frost'
PYUSPG,Pyrus ussuriensis 'Prairie Gem',Prairie Gem Ussurian Pear,Poirier de Mandchourie Prairie Gem
PYUSUR,Pyrus ussurensis 'Ure',Ure Pear,Poirier de Sibérie 'Ure'
PYXXKR,Pyrus x 'Krazulya',Krazulya pear,Poirier Krazulya
QU,Quercus,Oak,Chêne
QUAL,Quercus alba,White Oak,Chêne blanc
QUALAT,Quercus X ''Atwood'' (Jordan StreetTM),Atwwod (Jordan Street) hybrid oak,Chêne Atwwod (Jordan Street)
QUBI,Quercus bicolor,Swamp White Oak,Chêne bleu
QUBMMI,Quercus x b. Midwest (Prarie Stature TM),Prairie Stature  Oak,chêne Prairie Stature
QUCE,Quercus cerris,"Bitter oak, Iron Oak",Chêne chevelu de Bougogne
QUCO,Quercus coccinea,Scarlet Oak,Chêne écarlate
QUEL,Quercus ellipsoidalis,Quercus ellipsoidalis,Quercus ellipsoidalis
QUIM,Quercus imbricaria,Shingle oak,Chêne à feuilles de Laurier
QUMA,Quercus macrocarpa,Bur Oak,Chêne à gros fruits
QUMAUP,Quercus macrocarpa Urban Pinnacle,Urban Pinnacle Oak,Chêne à gros fruits Urban Pinnacle
QUMCCL,Quercus x macdanielii 'Clemons' (Heritage TM),Heritage English Oak,Chêne Heritage
QUMU,Quercus muehlenbergii,Quercus muehlenbergii,Quercus muehlenbergii
QUPA,Quercus palustris,Pin Oak,Chêne des marais
QUPAGP,Quercus palustris 'Green Pillar',Quercus palustris Green Pillar,Quercus palustris Green Pillar
QURO,Quercus robur,English Oak,Chêne pédonculé
QUROCS,Quercus robur 'Crimson Spire',Quercus robur 'Crimson Spire',Quercus robur 'Crimson Spire'
QUROFA,Quercus robur 'Fastigiata',Fastigiate English Oak,Chêne anglais fastigié
QURU,Quercus rubra,Red Oak,Chêne rouge
QUWARP,Quercus x warei 'Regal Prince',Regal Prince Oak,Chêne Régal Prince
QUXXKS,Quercus x Kindred Spirit,Kindred Spirit Hybrid Oak,Chêne Kindred Spirit
QUXXSG,Quercus robur x alba 'Skinny Genes',Skinny Genes oak,Chêne 'Skinny Genes'
RH,Rhamnus,Buckthorn,Nerprun
RHCA,Rhamnus cathartica,European Buckthorn,Nerprun cathartique
RHFR,Rhamnus frangula,Glossy Buckthorn,Nerprun bourdaine
RO,Robinia,Locust,Robinier
ROPS,Robinia pseudoacacia,Black Locust,Robinier faux-acacia
ROPSFR,Robinia pseudoacacia 'Frisia',Frisia Black Locust,Robinier faux-acacia Frisia
ROPSPR,Robinia pseudoacacia 'Purple Robe',Robinia pseudoacacia Purple Robe,Robinia pseudoacacia Purple Robe
ROPSTB,Robinia pseudoacacia 'Twisty Baby',Robinia pseudoacacia 'Twisty Baby',Robinia pseudoacacia 'Twisty Baby'
RU,Rhus,Sumac,Sumac
RUTY,Rhus typhina,Staghorn Sumac,Vinaigrier
SA,Salix,Willow,Saule
SAAL,Salix alba,White Willow,Saule blanc
SAALTR,Salix alba 'Tristis',Golden Weeping Willow,Saule pleureur
SABACR,Salix babylonica 'Crispa',Salix babylonica 'Crispa',Salix babylonica 'Crispa'
SAMA,Salix matsudana,Hankow Willow,Saule de Pékin
SAMATO,Salix matsudana 'Tortuosa',Corkscrew Willow,Saule tortueux de Pékin
SANI,Salix nigra,Black Willow,Saule noir
SAPE,Salix pentendra,Laurel Willow,Saule laurier
SAPEPR,Salix pentendra ''Prairie Reflexion'',Salix Reflexion Laurel Leaf Willow,Saule odorant Prairie Reflexion
SASE,Salix sericea,Silky willow,Saule soyeux
SAVI,Salix viminalis,Basket willow,Saule des vanniers
SAXXCR,Salix x chrysocoma,Salix x chrysocoma,Salix x chrysocoma
SAXXPC,Salix x 'Prairie Cascade',Prairie Cascade Willow,Saule Prairie Cascade
SAXXRU,Salix x rubens,Hybrid crack willow,Saule osier jaune
SO,Sorbus,Mountain Ash,Sorbier
SOAL,Sorbus alnifolia,Korean Mountain Ash,Sorbier de Corée
SOAM,Sorbus americana,American Ash,Sorbier d'Amérique
SOAR,Sorbus aria,White Bear,Alisier blanc
SOAU,Sorbus aucuparia,European Mountain Ash,Sorbier des oiseaux
SOAUCA,Sorbus aucuparia 'Cardinal',Sorbus aucuparia Cardinal,Sorbus aucuparia Cardinal
SOAUCR,Sorbus aucuparia 'Cardinal Royal',Cardinal Royal European Mountain Ash,Sorbier des oiseaux Cardinal Royal
SOAUFA,Sorbus aucuparia 'Fastigiata',Upright European Mountain Ash,Sorbier des oiseaux fastigié
SOAURO,Sorbus aucuparia 'Rosedale',Rosedale European Mountain Ash,Sorbier des oiseaux Rosedale
SOAURS,Sorbus aucuparia 'Rossica',Rossica European Mountain Ash,Sorbier des oiseaux Rossica
SODE,Sorbus decora,Showy Mountain Ash,Sorbier des montagnes
SOIN,Sorbus intermedia,Swedish Whitebeam,Alisier de Suède
SOTH,Sorbus thuringiaca,Oakleaf Mountain Ash,Sorbier à feuilles de chêne
SOTHFA,Sorbus thuringiaca 'Fastigiata',Fastigiata Oakleaf Mountain Ash,Sorbier à feuilles de chêne fastigié
SOXA,Sorbus xanthocarpa,Sorbus xanthocarpa,Sorbus xanthocarpa
SSAL,Sassafras albidum,Common sassafras,Laurier des Iroquois
SY,Syringa,Lilac,Lilas
SYPE,Syringa pekinensis,Syringa pekinensis,Syringa pekinensis
SYPR,Syringa prestoniae,Preston's Lilac,Lilas de Preston
SYRE,Syringa reticulata,Japanese Tree Lilac,Lilas japonais
SYREGE,Syringa reticulata 'Golden Eclipse',Golden Eclipse Japanese Tree Lilac,Lilas japonais Golden Eclipse
SYREIS,Syringa reticulata 'Ivory Silk',Ivory Silk Japanese Tree Lilac,Lilas japonais Ivory Silk
SYVU,Syringa vulgaris,Syringa vulgaris,Syringa vulgaris
TA,Taxus,Yew,If
TACUCA,Taxus cuspidata 'Capitata',Taxus cuspidata Capitata,Taxus cuspidata Capitata
TH,Thuja,Arborvitae,Thuya
THOC,Thuja occidentalis,Eastern White Cedar,Thuya occidental
THOCBG,Thuya occidentalis 'Brandon Gold',Brandon Gold cedar,cèdre Brandon Gold
THOCDS,Thuya occidentalis Degroot's Spire,northern whitecedar,thuyas
THOCFA,Thuja occidentalis 'Fastigiata',Pyramidal Arborvitae,Thuya occidental fastigié
THOCNI,Thuja occidentalis 'Nigra',Nigra American Arborvitae,Thuya occidental Nigra
THOCPY,Thuja occidentalis 'Pyramidalis',Pyramid Cedar,Thuya occidental pyramidal
THOCSM,Thuja occidentalis 'Smaragd',Emerald Arborvitae,Thuya occidental Smaragd
THOCSP,Thuja occidentalis 'Spiralis',Spiralis Arborvitae,Thuya occidental Spiralis
THOCSU,Thuja occidentalis 'Sunkist',Sunkist American Arborvitae,Thuya occidental Sunkist
THOCWA,Thuya occidentalis 'Wareana',Thuya occidentalis 'Wareana',Thuya occidentalis 'Wareana'
TI,Tilia,Linden,Tilleul
TIAM,Tilia americana,Basswood,Tilleul d'Amérique
TIAMBO,Tilia americana 'Boulevard',Boulevard Linden,Tilleul d'Amérique Boulevard
TIAMDU,Tilia americana 'Duros' (True North TM),True Shade American basswood,Tilleul américain Duros (True North TM)
TIAMFA,Tilia americana 'Fastigiata',Tilia americana Fastigiata,Tilia americana Fastigiata
TIAMLI,Tilia a. Lincoln,Tilia a. Lincoln,Tilia a. Lincoln
TIAMRE,Tilia americana 'Redmond',Redmond American Linden,Tilleul d'Amérique Redmond
TICO,Tilia cordata,Littleleaf European Linden,Tilleul à petites feuilles
TICOBA,Tilia cordata 'Baileyi' (Shamrock TM),Shamrock linden,Tilleul à petites feuilles Shamrock
TICOCO,Tilia cordata 'Corzam',Corinthian Littleleaf Linden,Tilleul à petites feuilles Corinthien
TICODG,Tilia cordata 'De Groot',Tilia cordata 'De Groot',Tilia cordata 'De Groot'
TICOGG,Tilia cordata 'Green Globe',Tilia cordata 'Green Globe',Tilia cordata 'Green Globe'
TICOGL,Tilia cordata 'Glenleven',Glenleven Littleleaf Linden,Tilleul à petites feuilles Glenleven
TICOGR,Tilia cordata 'Greenspire',Greenspire Littleleaf Linden,Tilleul à petites feuilles Greenspire
TICOMO,Tilia cordata 'Morden',Morden Littleleaf Linden,Tilleul à petites feuilles Morden
TICORO,Tilia cordata 'Ronald',Ronald Littleleaf Linden,Tilleul à petites feuilles 'Ronald'
TICOSH,Tilia cordata 'Sheridan',Sheridan Littleleaf Linden,Tilleul à petites feuilles Sheridan
TICOSS,Tilia cordata Summer Sprite,Littleleaf Linden Summer Sprite,Tilleul européen Summer Sprite
TIER,Tilia x europaea,European Linden,Tilleul d'Europe
TIEREC,Tilia x europea 'Euchlora',Tilia x europea 'Euchlora',Tilia x europea 'Euchlora'
TIERWR,Tilia x europaea 'Wratislaviensis',Warsaw Linden,Tilleul de Varsovie
TIFLDR,Tilia x flavescens Dropmore,Dropmore Linden,Tilleul à feuilles moyennes Dropmore
TIFLGL,Tilia x flavescens ''Glenleven',Glenleven Linden,Tilleul à feuilles moyennes Glenleven
TIMO,Tilia mongolica,Mongolian Linden,Tilleul de Mongolie
TIMOHG,Tilia x mongolica 'Harvest Gold',Harvest Gold Mongolian Linden,Tilleul de Mongolie Harvest Gold
TIPL,Tilia platyphyllos,Large Leaved Lime,Tilleul à grandes feuilles
TITO,Tilia tomentosa,Silver Linden,Tilleul argenté
TITOBR,Tilia tomentosa 'Brabant',Tilia tomentosa 'Brabant',Tilia tomentosa 'Brabant'
TITOSS,Tilia tomentosa 'Satin Shadow',Satin Shadow Silver Linden,Tilleul argenté Satin Shadow
TITOST,Tilia tomentosa 'Sterling',Sterling Silver Linden,Tilleul argenté Sterling
TS,Tsuga,Hemlock,Pruche
TSCA,Tsuga canadensis,Eastern Hemlock,Pruche de l'Est
TXDI,Taxodium distichum,Common bald cypres,Cyprès chauve
TXDIMI,Taxodium distichum 'Mickelson',Mickelson bald cypress,Cyprès chauve 'Mickelson'
UL,Ulmus,Elm,Orme
UL1305,Ulmus 13-0053,Ulmus 13-0053,Orme vendu comme Morton Glossy
ULAM,Ulmus americana,White Elm,Orme d'Amérique
ULAMBR,Ulmus americana 'Brandon',Brandon White Elm,Orme d'Amérique Brandon
ULAMCS,Ulmus americana ''Colonial Spirit'' (TM),Colonial Spirit american elm,Orme d'Amérique Colonial Spirit
ULAMJE,Ulmus americana ' Jefferson',Jefferson American elm,Orme américain Jefferson
ULAMNH,Ulmus americana 'New Harmony',Ulmus americana New Harmony,Ulmus americana New Harmony
ULAMPE,Ulmus americana Prairie Expedition,American Elm,Orme americain
ULAMPM,Ulmus a. PMM-2,Ulmus a. PMM-2,Ulmus a. PMM-2
ULAMPR,Ulmus americana 'Princeton',Princeton american elm,Orme Princeton
ULDA,Ulmus davidiana,Japanese Elm,Nom français
ULDADI,Ulmus davidiana 'Discovery',Nom anglais,Nom français
ULDAGR,Ulmus davidiana 'Greenstone'' (TM),Greenstone elm,Orme Greenstone
ULGL,Ulmus glabra,Scotch Elm,Orme de montagne
ULGLCA,Ulmus glabra 'Camperdownii',Camperdown Elm,Orme parasol
ULGLPE,Ulmus glabra 'Pendula',Ulmus g;abra 'Pendula',Ulmus glabra 'Pendula'
ULHOGR,Ulmus x hollandica 'Groeneveld',Groeneveld Elm,Orme Groeneveld
ULHOPI,Ulmus x hollandica 'Pioneer',Pioneer Elm,Orme Pioneer
ULPA,Ulmus parvifolia,Ulmus parvifolia,Ulmus parvifolia
ULPRES,Ulmus propinqua 'Emerald Sunshine TM,Ulmus propinqua 'Emerald Sunhine' TM,Ulmus propinqua 'Emerald Sunhine' TM
ULPU,Ulmus pumila,Siberian Elm,Orme de Sibérie
ULPUPR,Ulmus pumila 'Park Royal',Park Royal Siberian Elm,Orme de Sibérie Park Royal
ULRU,Ulmus rubra,Slippery Elm,Orme rouge
ULTH,Ulmus thomasii,Rock Elm,Orme de Thomas
ULWIPR,Ulmus wilsoniana 'Prospector',Prospector's Elm,Orme japonais du prospecteur
ULXXCA,Ulmus X 'Cathedral',Cathedral elm,Orme 'Cathedral'
ULXXFR,Ulmus x 'Frontier',Ulmus x 'Frontier',Ulmus x 'Frontier'
ULXXHO,Ulmus x 'Homestead',Homestead Elm,Orme Homestead
ULXXMG,Ulmus x 'Morton Glossy' (Triumph TM),Ulmus x 'Morton Glossy' (Triumph TM),Ulmus x 'Morton Glossy' (Triumph TM)
ULXXMO,Ulmus x 'Morton' (Accolade TM),Morton (Accolade TM) Elm,Orme Morton (Accolade TM)
ULXXMR,Ulmus x Morton Red Tip (Danada Charm TM),Morton Red Tip (Danada Charm) elm,Orme Morton red Tip
ULXXMS,Ulmus x 'Morton Stalwart',"'Morton Stalwart' - Commendation (TM) Elm,",Orme hybride 'Morton Sarlwart' (Commendation TM)
ULXXNH,Ulmus x New Horizon,Ulmus x New Horizon,Ulmus x New Horizon
ULXXPA,Ulmus x 'Patriots',Ulmus x Patriots,Ulmus x Patriots
ULXXSA,Ulmus x 'Sapporo Autumn Gold',Sapporo Autumn Gold Elm,Orme Sapporo Autumn Gold
ULXXVF,Ulmus americana 'Valley Forge',Ulmus x Valley Forge,Ulmus  Valley Forge
ULXXVG,Ulmus x 'Morton Plainsman' (Vanguard TM),Vanguard Elm,Orme Vanguard
VILE,Viburnum Lentago,Sheepberry,Viorne
ZESE,Zelkova serrata,Japanese Zelkova,Zelkova du Japon
ZESEGV,Zelkova serrata 'Green Vase',Green Vase Japanese Zelkova,Zelkova du Japon Green Vase
ZESEMU,Zelkova serrata ''Musashino'',Musashino Zelkova,Zelkova Musashino
ZESEVG,Zelkova serrata ''Village Green'',''Village Green'' Japanese Zelkova,Zelkova du Japon ''Village Green''
