annee,arrond_id,code_type_base_demande,nombre_permis_emis,cout_permis_emis,cout_travaux_estimes
1990,1,CO,110,114132.89,33677252.0
1990,1,DE,35,3860.0,
1990,1,TR,328,105004.18,25819273.0
1990,7,CO,46,78113.54,23429150.0
1990,7,DE,21,2280.0,
1990,7,TR,419,170120.58,35378177.0
1990,22,CA,32,880.0,439500.0
1990,22,CO,66,9146.0,6220000.0
1990,22,DE,13,130.0,31500.0
1990,22,TR,66,3151.0,1554600.0
1990,13,CA,769,118628.0,5210940.0
1990,13,CO,159,40.0,19139800.0
1990,13,TR,59,0.0,14218700.0
1990,5,CO,24,30734.32,12346400.0
1990,5,DE,111,2310.0,
1990,5,TR,832,177682.95,43135710.0
1990,8,CO,56,51153.8,21192250.0
1990,8,DE,71,2310.0,
1990,8,TR,289,160098.56,36747707.0
1990,4,CO,102,47063.01,24699230.0
1990,4,DE,81,2540.0,
1990,4,TR,480,116128.73,21084152.0
1990,9,CO,618,248406.92,98860296.0
1990,9,DE,38,5920.0,
1990,9,TR,314,95313.32,20259124.0
1990,3,CO,57,40093.1,16136500.0
1990,3,DE,130,4025.0,
1990,3,TR,424,134987.97,16457802.0
1990,27,"CA, CO, DE, TR",508,96973.6,140321811.0
1990,16,"CO, DE",8,606.4,
1990,6,CO,48,496421.72,402963800.0
1990,6,DE,49,3300.0,
1990,6,TR,1162,901020.31,216099722.0
1990,2,CO,31,31594.75,18259500.0
1990,2,DE,71,1020.0,
1990,2,TR,364,59551.36,10310741.0
1991,1,CO,83,158325.54,73775900.0
1991,1,DE,23,2905.0,
1991,1,TR,344,96297.68,18367795.0
1991,7,CO,52,66974.35,37270919.0
1991,7,DE,30,4270.0,
1991,7,TR,484,326504.65,67704149.0
1991,22,CA,45,1865.0,400250.0
1991,22,CO,75,25218.0,8379500.0
1991,22,DE,14,530.0,18400.0
1991,22,TR,56,4491.0,1377750.0
1991,13,CA,927,76448.0,2080250.0
1991,13,CO,167,1810.0,13548937.0
1991,13,TR,50,354.0,1847700.0
1991,5,CO,18,12734.74,5369650.0
1991,5,DE,91,4755.0,
1991,5,TR,811,215026.14,41052041.0
1991,8,CO,45,25798.69,11172800.0
1991,8,DE,59,2950.0,
1991,8,TR,255,89461.19,16909261.0
1991,4,CO,130,37731.2,29737335.0
1991,4,DE,69,2430.0,
1991,4,TR,448,275720.71,101399891.0
1991,9,CO,784,178734.43,76529312.0
1991,9,DE,27,3240.0,
1991,9,TR,322,76188.36,19508346.0
1991,3,CO,43,24165.06,11115591.0
1991,3,DE,103,2965.0,
1991,3,TR,469,131837.93,44696277.0
1991,27,CA,615,48342.0,24283231.0
1991,27,CO,15,32896.0,26797000.0
1991,27,DE,14,6619.0,
1991,27,TR,52,50394.0,6765900.0
1991,16,DE,75,0.0,
1991,6,CO,33,57646.24,56907100.0
1991,6,DE,59,8740.0,
1991,6,TR,1168,1019096.18,279474268.0
1991,2,CO,46,43135.05,12625500.0
1991,2,DE,52,3515.0,
1991,2,TR,417,116398.74,18068043.0
1992,1,CO,49,37590.12,10252135.0
1992,1,DE,19,845.0,
1992,1,TR,324,156903.69,26115896.0
1992,7,CO,38,40810.84,24501069.0
1992,7,DE,37,3125.0,
1992,7,TR,376,196454.64,41544119.0
1992,22,"CA, CO, DE, TR",261,51275.0,16182150.0
1992,13,CA,881,218871.0,1756300.0
1992,13,CO,193,13462.16,16332720.0
1992,13,TR,58,2264.0,22744500.0
1992,5,CO,14,6877.38,3229100.0
1992,5,DE,106,3390.0,
1992,5,TR,663,241172.6,44866767.0
1992,8,CO,31,37349.02,10060450.0
1992,8,DE,35,3655.0,
1992,8,TR,205,57285.24,10994798.0
1992,4,CO,125,88262.25,29951198.0
1992,4,DE,86,6460.0,
1992,4,TR,379,120942.64,21304027.0
1992,9,CO,560,175809.31,60725950.0
1992,9,DE,43,6930.0,
1992,9,TR,239,59905.32,6166838.0
1992,3,CO,35,14557.98,9041075.0
1992,3,DE,136,3105.0,
1992,3,TR,440,158618.88,19064318.0
1992,27,CA,478,36060.0,13954220.0
1992,27,CO,13,29267.75,11335000.0
1992,27,DE,14,27437.0,
1992,27,TR,48,23982.0,9726180.0
1992,16,DE,60,0.0,
1992,6,CO,30,153692.7,99422440.0
1992,6,DE,54,5260.0,
1992,6,TR,1056,800588.89,156569637.0
1992,2,CO,20,25147.77,6311133.0
1992,2,DE,53,1110.0,
1992,2,TR,349,136411.53,22139062.0
1993,1,CO,58,60079.51,10712948.0
1993,1,DE,20,2060.0,
1993,1,TR,268,182368.23,31509195.0
1993,7,CO,26,45635.84,12885500.0
1993,7,DE,28,1185.0,
1993,7,TR,362,221701.6,38417216.0
1993,22,"CA, CO, DE, TR",277,67106.0,23697335.0
1993,13,CA,1030,206056.0,2375627.0
1993,13,CO,214,40316.99,46912486.0
1993,13,TR,105,8216.4,4775580.0
1993,5,CO,32,65348.82,12719000.0
1993,5,DE,145,5652.0,
1993,5,TR,581,113375.39,16996124.0
1993,8,CO,34,68915.28,13301543.0
1993,8,DE,56,2970.0,
1993,8,TR,179,55914.86,9922291.0
1993,4,CO,78,145237.06,27987331.0
1993,4,DE,81,2895.0,
1993,4,TR,379,147191.34,22948487.0
1993,9,CO,354,97401.6,30547348.0
1993,9,DE,21,2930.0,
1993,9,TR,197,38159.46,9311466.0
1993,3,CO,42,9960.25,3801150.0
1993,3,DE,128,2685.0,
1993,3,TR,380,116035.44,27549878.0
1993,27,CA,534,49623.0,25308311.0
1993,27,CO,71,39665.0,37920000.0
1993,27,DE,11,2385.0,
1993,27,TR,45,14434.0,6002481.0
1993,16,DE,62,0.0,
1993,6,CO,24,161512.81,76877646.0
1993,6,DE,38,3906.0,
1993,6,TR,839,779019.16,155133926.0
1993,2,CO,29,17750.53,3409038.0
1993,2,DE,79,5280.0,
1993,2,TR,329,101879.52,16302078.0
1994,1,"CO, DE, TR",370,221422.58,45184431.0
1994,7,CO,31,182508.3,34426373.0
1994,7,DE,12,1800.0,
1994,7,TR,386,191464.29,34506111.0
1994,22,"CA, CO, DE, TR",313,66643.0,21355700.0
1994,13,CA,1222,243209.82,3455520.0
1994,13,CO,243,38464.0,23147063.0
1994,13,TR,118,11226.0,7237580.0
1994,5,CO,40,60136.0,11141982.0
1994,5,DE,36,2100.0,
1994,5,TR,642,153941.14,27405732.0
1994,8,CO,28,21154.3,3819270.0
1994,8,DE,26,2700.0,
1994,8,TR,225,137532.62,23849202.0
1994,4,CO,53,186456.03,33546226.0
1994,4,DE,30,5100.0,
1994,4,TR,413,346919.57,61359638.0
1994,9,CO,391,339464.52,73711490.0
1994,9,DE,28,6585.0,
1994,9,TR,270,81600.7,13449660.0
1994,3,CO,49,43499.82,7520155.0
1994,3,DE,76,5385.0,
1994,3,TR,399,242773.43,56375031.0
1994,27,CA,826,63328.0,24766033.0
1994,27,CO,184,66268.9,33037000.0
1994,27,DE,19,1834.0,
1994,27,TR,43,26425.0,11554370.0
1994,16,"CO, DE",68,425.0,382000.0
1994,6,CO,25,739731.27,132650279.0
1994,6,DE,24,4200.0,
1994,6,TR,865,968409.4,155563250.0
1994,2,CO,29,34667.66,4473210.0
1994,2,DE,25,1500.0,
1994,2,TR,304,101382.88,18429039.0
1995,1,CO,39,36805.3,6751795.0
1995,1,DE,22,5100.0,
1995,1,TR,305,201462.78,31401811.0
1995,7,CO,26,228427.46,38625740.0
1995,7,DE,11,300.0,
1995,7,TR,406,295510.28,34152578.0
1995,22,"CA, CO, DE, TR",268,45073.0,15126725.0
1995,13,CA,962,207630.0,1423060.0
1995,13,CO,190,27656.0,29997529.0
1995,13,TR,105,11265.0,6404750.0
1995,5,CO,20,44681.68,6393500.0
1995,5,DE,46,3600.0,
1995,5,TR,653,182092.87,47365372.0
1995,8,CO,26,39540.59,3685730.0
1995,8,DE,25,6300.0,
1995,8,TR,227,88766.59,14804068.0
1995,4,CO,38,30589.24,7174300.0
1995,4,DE,19,2700.0,
1995,4,TR,384,135583.93,22670429.0
1995,9,CO,206,76978.8,19254072.0
1995,9,DE,21,5700.0,
1995,9,TR,296,134326.21,22882686.0
1995,3,CO,29,24769.79,4841556.0
1995,3,DE,35,3600.0,
1995,3,TR,401,312389.02,55091206.0
1995,27,"CA, CO, DE, TR",652,313571.0,75124261.0
1995,16,CO,381,36781.0,21782594.0
1995,16,DE,121,3078.0,
1995,6,CO,12,441693.51,72920550.0
1995,6,DE,27,5300.0,
1995,6,TR,970,1065778.08,183561843.0
1995,2,CO,16,21044.05,3679855.0
1995,2,DE,28,2700.0,
1995,2,TR,305,114892.82,20755039.0
1996,1,CO,53,48447.18,9897993.0
1996,1,DE,23,2100.0,
1996,1,TR,581,182050.86,30717297.0
1996,7,CO,18,134685.91,22731984.0
1996,7,DE,20,1851.99,
1996,7,TR,521,174897.64,28303224.0
1996,22,"CA, CO, DE, TR",250,31914.8,9154498.0
1996,13,CA,1023,282707.0,1004692.0
1996,13,CO,172,46781.0,27771222.0
1996,13,TR,122,14007.0,9611450.0
1996,5,CO,28,31995.03,7297000.0
1996,5,DE,61,3300.0,
1996,5,TR,724,173039.48,31027449.0
1996,8,CO,13,34465.0,12921500.0
1996,8,DE,42,3641.0,
1996,8,TR,315,93476.55,15808944.0
1996,4,CO,37,25815.5,6103080.0
1996,4,DE,49,2600.0,
1996,4,TR,672,203343.31,36704466.0
1996,9,CO,187,85266.08,22595975.0
1996,9,DE,20,4200.0,
1996,9,TR,472,76816.26,13209462.0
1996,3,CO,25,21342.56,5497249.0
1996,3,DE,79,2700.0,
1996,3,TR,640,173156.14,31579290.0
1996,27,CA,853,69417.0,32601453.0
1996,27,CO,67,31687.0,14731000.0
1996,27,DE,19,6882.0,
1996,27,TR,65,22945.0,20278899.0
1996,16,CO,470,35047.0,13778497.0
1996,16,DE,101,2624.0,
1996,6,CO,30,59393.01,10006695.0
1996,6,DE,31,6500.0,
1996,6,TR,969,1296976.58,214187631.0
1996,2,CO,24,175073.0,32205206.0
1996,2,DE,43,3300.0,
1996,2,TR,507,94561.4,16750866.0
1997,1,CO,50,32994.9,8839465.0
1997,1,DE,17,3035.0,
1997,1,TR,376,170193.17,15870405.0
1997,7,CO,42,96989.0,26282000.0
1997,7,DE,17,3035.0,
1997,7,TR,462,319930.08,50050111.0
1997,22,"CA, CO, DE, TR",253,38602.0,11552229.0
1997,13,CA,1121,234802.0,1933465.0
1997,13,CO,211,58920.0,28087848.0
1997,13,TR,142,11241.0,5562000.0
1997,5,CO,51,84628.01,15411000.0
1997,5,DE,60,4965.0,
1997,5,TR,636,798169.71,30035447.0
1997,8,CO,20,8536.0,1676640.0
1997,8,DE,26,3045.0,
1997,8,TR,271,120831.71,17039461.0
1997,4,CO,74,51440.76,11438713.0
1997,4,DE,55,2485.0,
1997,4,TR,393,213393.39,32521613.0
1997,9,CO,241,141952.96,30594548.0
1997,9,DE,25,2440.0,
1997,9,TR,252,62880.57,10379002.0
1997,3,CO,51,53019.16,9129108.0
1997,3,DE,53,3650.0,
1997,3,TR,436,120365.96,19239644.0
1997,27,CA,491,45211.24,23276236.0
1997,27,CO,159,104238.27,58342800.0
1997,27,DE,19,16668.0,
1997,27,TR,65,58526.0,23864794.0
1997,16,CO,537,44254.0,18252660.0
1997,16,DE,167,4325.0,
1997,6,CO,36,318987.0,48070194.0
1997,6,DE,43,6150.0,
1997,6,TR,985,1052315.84,178260604.0
1997,2,CO,18,34984.0,5526000.0
1997,2,DE,31,1825.0,
1997,2,TR,411,130287.25,20333375.0
1998,1,CO,62,72937.38,10176889.0
1998,1,DE,19,3285.0,
1998,1,TR,350,231873.84,34581617.0
1998,7,CO,19,133135.0,24018000.0
1998,7,DE,26,3090.0,
1998,7,TR,384,337603.72,45840506.0
1998,22,"CA, CO, DE, TR",253,35872.0,11387785.0
1998,13,CA,2083,247888.0,1441383.0
1998,13,CO,245,72131.46,45684239.0
1998,13,TR,104,10364.0,5307000.0
1998,5,CO,45,115650.77,17105000.0
1998,5,DE,54,1855.0,
1998,5,TR,650,308203.36,45788121.0
1998,8,CO,25,69499.5,10447522.0
1998,8,DE,35,1850.0,
1998,8,TR,266,141052.09,21973312.0
1998,4,CO,62,125953.0,18418642.0
1998,4,DE,44,4659.0,
1998,4,TR,401,222234.0,58915451.0
1998,9,CO,265,187477.45,34011057.0
1998,9,DE,18,4057.0,
1998,9,TR,256,236880.37,36452474.0
1998,3,CO,113,132774.51,30576333.0
1998,3,DE,52,2785.0,
1998,3,TR,337,184675.41,19211940.0
1998,27,CA,479,42589.0,19061646.0
1998,27,CO,157,186776.0,114347000.0
1998,27,DE,18,21089.0,
1998,27,TR,82,77039.0,31769650.0
1998,16,CO,428,61411.0,29504238.0
1998,16,DE,133,3325.0,
1998,6,CO,23,129052.11,23758766.0
1998,6,DE,22,3090.0,
1998,6,TR,1129,1703674.62,253156585.0
1998,2,CO,13,21195.0,5170478.0
1998,2,DE,33,1550.0,
1998,2,TR,355,116389.67,15048052.0
1999,1,CO,63,41994.7,7413815.0
1999,1,DE,14,2680.0,
1999,1,TR,350,157955.2,20994177.0
1999,10,"CO, DE",269,131217.61,62960060.0
1999,7,CO,57,372704.54,50008081.0
1999,7,DE,20,4030.0,
1999,7,TR,565,417952.74,60074761.0
1999,22,"CA, CO, DE, TR",269,45787.0,15757630.0
1999,13,CA,1816,259831.0,1796939.0
1999,13,CO,205,57149.0,35780330.0
1999,13,TR,90,13647.0,7767150.0
1999,24,"CA, CO, TR",20,10341.0,2922800.0
1999,5,CO,18,47438.25,5978100.0
1999,5,DE,57,2370.0,
1999,5,TR,711,228479.03,29537156.0
1999,8,CO,25,108647.5,16297333.0
1999,8,DE,44,1550.0,
1999,8,TR,285,147093.38,19758633.0
1999,4,CO,71,113056.5,18977466.0
1999,4,DE,83,3720.0,
1999,4,TR,422,193411.41,26601832.0
1999,9,CO,150,90980.5,16690184.0
1999,9,DE,16,4030.0,
1999,9,TR,287,233627.26,39013130.0
1999,3,CO,138,176108.0,30274736.0
1999,3,DE,55,11550.0,
1999,3,TR,417,178381.69,23816019.0
1999,27,CA,757,67004.0,36479662.0
1999,27,CO,218,220701.0,96736122.0
1999,27,DE,13,10080.2,
1999,27,TR,73,73209.0,49883992.0
1999,16,CO,358,81408.0,50718153.0
1999,16,DE,254,8285.0,
1999,6,CO,37,114761.71,15833295.0
1999,6,DE,42,7515.0,
1999,6,TR,1281,1782143.02,256394639.0
1999,2,CO,25,55656.5,9122600.0
1999,2,DE,38,2605.0,
1999,2,TR,325,281931.26,51345140.0
2000,1,CO,111,89822.75,16800643.0
2000,1,DE,27,5580.0,
2000,1,TR,328,168234.73,24000468.0
2000,10,"CO, DE",276,84713.9,38461110.0
2000,7,CO,30,123298.2,29423695.0
2000,7,DE,19,1600.0,
2000,7,TR,596,330177.99,52692305.0
2000,22,"CA, CO, DE, TR",271,35574.0,12716716.0
2000,13,CA,1722,145975.0,1883835.0
2000,13,CO,144,30622.0,19959400.0
2000,13,TR,89,11189.0,5884900.0
2000,24,CA,368,50160.39,10857622.0
2000,24,CO,39,50858.0,17012000.0
2000,24,DE,26,1098.0,
2000,24,TR,17,3485.0,66450.0
2000,5,CO,35,127845.5,17570333.0
2000,5,DE,66,5340.0,
2000,5,TR,693,252653.41,40885975.0
2000,8,CO,31,210829.22,29067832.0
2000,8,DE,41,2840.0,
2000,8,TR,241,124519.0,16989720.0
2000,4,CO,54,193622.51,27937677.0
2000,4,DE,41,2790.0,
2000,4,TR,369,262368.78,35591218.0
2000,9,CO,178,178333.13,33256552.0
2000,9,DE,13,2790.0,
2000,9,TR,246,124650.75,16741856.0
2000,3,CO,90,133197.95,19568031.0
2000,3,DE,70,3770.0,
2000,3,TR,367,84068.01,10984581.0
2000,27,CA,710,64775.0,34247801.0
2000,27,CO,202,334009.0,194676200.0
2000,27,DE,11,10008.0,
2000,27,TR,77,30824.0,18779750.0
2000,16,CO,344,66188.0,44244877.0
2000,16,DE,177,5075.0,
2000,6,CO,52,590641.25,72849823.0
2000,6,DE,37,4105.0,
2000,6,TR,1044,1724886.99,239825784.0
2000,2,CO,29,54742.5,7973333.0
2000,2,DE,30,2480.0,
2000,2,TR,336,115895.53,14497816.0
2001,1,CO,78,319963.5,45795663.0
2001,1,DE,32,6265.0,
2001,1,TR,510,487514.26,66607363.0
2001,10,"CO, DE",288,125562.0,59417991.0
2001,7,CO,31,217433.92,27048532.0
2001,7,DE,29,4230.0,
2001,7,TR,706,869413.99,117784742.0
2001,22,"CA, CO, DE, TR",211,22348.6,8552950.0
2001,13,CA,1239,129282.3,1772260.0
2001,13,CO,134,30910.0,20360000.0
2001,13,TR,92,10445.0,5602800.0
2001,24,CA,295,27714.62,5487658.0
2001,24,CO,46,97575.65,32234000.0
2001,24,DE,23,450.0,
2001,24,TR,10,305.0,44500.0
2001,5,CO,28,121892.88,16584597.0
2001,5,DE,63,4390.0,
2001,5,TR,779,264631.7,33199300.0
2001,8,CO,35,292108.43,40221130.0
2001,8,DE,42,5270.0,
2001,8,TR,302,1094173.36,33504032.0
2001,4,CO,58,182091.4,27262438.0
2001,4,DE,42,3410.0,
2001,4,TR,529,261518.06,36188649.0
2001,9,CO,228,218066.1,36483512.0
2001,9,DE,20,4340.0,
2001,9,TR,282,113459.6,14928908.0
2001,3,CO,79,174884.0,27200500.0
2001,3,DE,54,2480.0,
2001,3,TR,508,228933.05,32804852.0
2001,27,CA,601,68819.0,22328644.0
2001,27,CO,156,169887.0,79649000.0
2001,27,DE,21,8938.0,
2001,27,TR,87,118165.0,69994238.0
2001,12,"CA, CO, DE, TR",128,68427.5,14636844.0
2001,16,"CO, DE, TR",846,69832.0,20422800.0
2001,6,CO,52,1424263.25,280750842.0
2001,6,DE,57,8965.0,
2001,6,TR,1228,3444988.07,453751541.0
2001,2,CO,20,87072.5,12676200.0
2001,2,DE,30,2235.0,
2001,2,TR,428,234378.03,38130670.0
2002,1,CO,65,122376.89,19965321.0
2002,1,DE,18,3760.0,
2002,1,TR,384,270520.8,21159570.0
2002,10,"CO, DE, TR",261,81853.0,51024015.0
2002,7,CO,42,471072.07,68150549.0
2002,7,DE,13,6050.0,
2002,7,TR,682,457555.94,61504061.0
2002,22,CA,121,5630.5,1259740.0
2002,22,CO,140,51316.0,22010050.0
2002,22,DE,12,550.0,69300.0
2002,22,TR,161,27452.2,11989685.0
2002,13,CA,1099,273378.0,1401072.0
2002,13,CO,157,45853.0,27570550.0
2002,13,TR,99,14355.15,7671200.0
2002,24,"CA, CO, DE, TR",410,113419.0,31944866.0
2002,5,CO,27,82094.0,12033000.0
2002,5,DE,64,4700.0,
2002,5,TR,713,785984.95,84435595.0
2002,8,CO,26,281650.53,37624850.0
2002,8,DE,34,4010.0,
2002,8,TR,267,206410.84,28640939.0
2002,4,CO,57,207524.72,27846084.0
2002,4,DE,36,3150.0,
2002,4,TR,482,395462.97,62384239.0
2002,25,"CA, CO, DE",1422,218801.0,76031703.0
2002,9,CO,343,267060.63,47780341.0
2002,9,DE,10,2170.0,
2002,9,TR,352,292315.84,41753093.0
2002,3,CO,72,207206.5,31187113.0
2002,3,DE,62,3410.0,
2002,3,TR,474,198711.27,27847483.0
2002,27,"CA, CO, DE, TR",941,308450.25,157452597.0
2002,12,CA,56,6250.0,985234.0
2002,12,CO,54,84300.0,37123000.0
2002,12,DE,13,1040.0,
2002,12,TR,258,61433.5,13466937.0
2002,16,"CO, DE, TR",758,110896.0,60371925.0
2002,6,CO,61,652039.16,89910863.0
2002,6,DE,23,4491.75,
2002,6,TR,1127,2825957.75,396224028.0
2002,2,CO,15,170062.0,22997864.0
2002,2,DE,23,1240.0,
2002,2,TR,308,98890.75,20414320.0
2003,1,CO,97,151712.13,26335909.0
2003,1,DE,27,6200.0,
2003,1,TR,470,244301.58,33103353.0
2003,10,"CO, DE, TR",265,82229.0,49049866.0
2003,7,CO,34,144130.39,20551504.0
2003,7,DE,38,5630.0,
2003,7,TR,829,1088843.42,146232532.0
2003,22,CA,111,7153.0,1804600.0
2003,22,CO,130,69635.0,30160085.0
2003,22,DE,14,646.1,69800.0
2003,22,TR,124,13710.0,5298219.0
2003,13,CA,1233,285229.0,1262504.0
2003,13,CO,151,65863.0,43673700.0
2003,13,TR,138,22832.0,13802900.0
2003,24,"CA, CO, DE, TR",405,160563.1,33678612.0
2003,5,CO,38,334404.57,44345242.0
2003,5,DE,23,6990.0,
2003,5,TR,1013,486143.01,59705667.0
2003,8,CO,42,258364.0,32642844.0
2003,8,DE,35,4700.0,
2003,8,TR,291,168759.31,23774220.0
2003,4,CO,52,215890.04,30636966.0
2003,4,DE,40,3790.0,
2003,4,TR,496,204576.34,31444494.0
2003,25,CA,1020,18050.0,2538521.0
2003,25,CO,450,208676.28,97957302.0
2003,25,DE,12,1650.0,
2003,9,CO,330,412486.23,68436124.0
2003,9,DE,26,5890.0,
2003,9,TR,442,285002.93,43152705.0
2003,3,CO,89,505718.43,68471321.0
2003,3,DE,78,6580.0,
2003,3,TR,560,469308.28,69070545.0
2003,27,"CA, CO, DE, TR",892,327773.4,168223430.0
2003,12,"CA, CO, DE, TR",367,99442.0,39390238.0
2003,16,CO,767,148881.0,38171563.0
2003,16,DE,68,3355.0,
2003,16,TR,11,3263.0,865000.0
2003,6,CO,51,898234.16,116734830.0
2003,6,DE,23,6490.0,
2003,6,TR,1062,2924012.3,387919136.0
2003,2,CO,22,139355.0,18819373.0
2003,2,DE,29,2545.0,
2003,2,TR,577,197651.83,25633032.0
2004,1,CO,107,481082.02,68552325.0
2004,1,DE,22,5270.0,
2004,1,TR,508,463393.47,67241313.0
2004,10,"CO, DE, TR",271,119762.0,59826126.0
2004,7,CO,46,202649.95,34359102.0
2004,7,DE,29,23470.0,
2004,7,TR,999,1129768.68,153947599.0
2004,22,CA,150,20673.0,1416015.0
2004,22,CO,98,65887.0,34267000.0
2004,22,DE,16,610.0,24500.0
2004,22,TR,109,9851.5,2566624.0
2004,13,CA,1263,243994.0,1179807.0
2004,13,CO,163,82239.5,64630940.0
2004,13,TR,101,31043.0,23682200.0
2004,24,CA,400,109875.48,17816785.0
2004,24,CO,123,411685.5,60003300.0
2004,24,DE,22,7878.75,
2004,24,TR,10,420.0,38070.0
2004,5,"CO, DE, TR",1246,647616.45,76860828.0
2004,8,CO,28,157594.39,19337476.0
2004,8,DE,25,8100.0,
2004,8,TR,332,177921.26,21992179.0
2004,4,CO,87,284290.94,43609359.0
2004,4,DE,30,6120.0,
2004,4,TR,630,501197.75,79735933.0
2004,11,"CO, DE, TR",275,83506.06,11692775.0
2004,25,"CA, CO, DE",1477,237398.01,119505453.0
2004,9,CO,328,316821.83,59553788.0
2004,9,DE,10,2790.0,
2004,9,TR,447,247016.02,33736278.0
2004,3,CO,53,173816.97,28905554.0
2004,3,DE,61,4480.0,
2004,3,TR,695,364547.7,49860035.0
2004,27,CA,773,77746.0,38317823.0
2004,27,CO,236,194316.0,120947271.0
2004,27,DE,11,3999.0,
2004,27,TR,65,34838.0,20429897.0
2004,12,CA,77,3827.0,565585.0
2004,12,CO,61,91275.0,49405000.0
2004,12,DE,13,1040.0,
2004,12,TR,266,72433.0,15367114.0
2004,16,CO,777,185153.0,115809534.0
2004,16,DE,63,3890.0,
2004,16,TR,14,4797.0,1951241.0
2004,6,CO,53,922433.86,128554321.0
2004,6,DE,26,14260.0,
2004,6,TR,1203,2716936.78,379114215.0
2004,2,CO,46,221193.42,40457614.0
2004,2,DE,37,4810.0,
2004,2,TR,723,254437.47,41580654.0
2005,1,CO,63,233999.59,29811272.0
2005,1,DE,17,7030.0,
2005,1,TR,460,291397.99,41986058.0
2005,10,"CO, DE",257,81465.0,44829030.0
2005,7,CO,51,378036.22,50419231.0
2005,7,DE,26,20600.0,
2005,7,TR,1149,757939.96,101870066.0
2005,22,"CA, CO, DE, TR",479,90498.03,30588459.0
2005,13,CA,1145,132048.28,797100.0
2005,13,CO,119,27144.0,17399900.0
2005,13,TR,91,21422.0,15159000.0
2005,24,"CA, CO, DE, TR",509,598372.2,73293714.0
2005,5,CO,38,311611.52,37364866.0
2005,5,DE,19,16530.0,
2005,5,TR,1305,470035.27,49801186.0
2005,8,CO,56,368755.22,47194085.0
2005,8,DE,14,2860.0,
2005,8,TR,374,318172.02,38103490.0
2005,4,CO,110,628318.83,87217939.0
2005,4,DE,32,10760.0,
2005,4,TR,623,272827.43,37567143.0
2005,11,"CO, DE, TR",363,208454.55,51952382.0
2005,25,CA,1116,19295.0,3626008.0
2005,25,CO,335,134184.01,59267684.0
2005,25,DE,14,1300.0,
2005,9,CO,268,429286.67,68869253.0
2005,9,DE,15,2790.0,
2005,9,TR,389,148973.36,19669266.0
2005,3,CO,39,270826.21,37526555.0
2005,3,DE,41,6100.0,
2005,3,TR,889,492818.3,67476774.0
2005,27,CA,716,72843.0,40541323.0
2005,27,CO,227,245776.0,200812002.0
2005,27,DE,17,7710.0,
2005,27,TR,51,32958.0,13863813.0
2005,12,CA,69,3959.0,593620.0
2005,12,CO,47,28800.0,32130000.0
2005,12,DE,12,1300.0,
2005,12,TR,186,59634.0,13265591.0
2005,16,CO,803,219073.0,100028372.0
2005,16,DE,35,2090.0,
2005,16,TR,11,500.0,1619685.0
2005,6,CO,30,903177.39,121459383.0
2005,6,DE,14,15855.0,
2005,6,TR,1195,2160963.41,285087689.0
2005,2,CO,37,153246.97,27477141.0
2005,2,DE,31,4130.0,
2005,2,TR,587,290403.61,38321887.0
2006,1,CO,68,203555.96,25366457.0
2006,1,DE,16,10110.0,
2006,1,TR,480,600585.63,77459950.0
2006,10,"CO, DE, TR",253,57596.0,31985032.0
2006,7,CO,68,174752.5,21403297.0
2006,7,DE,16,15000.0,
2006,7,TR,1085,468725.43,53102216.0
2006,22,CA,168,14633.8,1841991.0
2006,22,CO,57,102398.0,36848600.0
2006,22,DE,12,530.0,
2006,22,TR,117,10262.5,2640700.0
2006,13,CA,1436,220789.0,2085600.0
2006,13,CO,116,24160.0,23921145.0
2006,13,TR,92,19690.0,13568600.0
2006,24,CA,328,119038.14,13477585.0
2006,24,CO,113,143497.75,16774019.0
2006,24,DE,12,1667.5,
2006,5,CO,13,233746.27,28307538.0
2006,5,DE,16,5510.0,
2006,5,TR,1277,946871.95,111745861.0
2006,8,"CA, CO, DE, TR",491,781512.57,102719685.0
2006,4,CO,59,525479.54,59481650.0
2006,4,DE,36,16910.0,
2006,4,TR,737,525053.47,63575232.0
2006,11,"CO, DE, TR",374,94475.1,17096454.0
2006,25,"CA, CO, DE",1426,122500.02,39201317.0
2006,9,CO,231,436901.52,59934781.0
2006,9,DE,15,2170.0,
2006,9,TR,360,122931.36,15319033.0
2006,3,CO,35,223800.6,28552985.0
2006,3,DE,23,3890.0,
2006,3,TR,929,381016.21,47583683.0
2006,27,"CA, CO, DE, TR",990,1492206.54,208799367.0
2006,12,CA,86,4887.0,766712.0
2006,12,CO,30,105853.0,74110000.0
2006,12,DE,12,1500.0,
2006,12,TR,272,97034.0,32023113.0
2006,16,"CO, DE, TR",765,181940.0,116639567.0
2006,6,CO,33,1581502.84,202562477.0
2006,6,DE,16,27555.0,
2006,6,TR,1279,2685087.61,378015185.0
2006,2,CO,41,272139.91,38061653.0
2006,2,DE,22,5645.0,
2006,2,TR,678,255434.24,32354487.0
2007,1,"CO, DE, TR",513,1175633.23,147629462.0
2007,10,"CO, DE, TR",218,62378.13,21750253.0
2007,7,CO,33,612592.08,74521985.0
2007,7,DE,14,12600.0,
2007,7,TR,1138,897048.17,90994763.0
2007,22,CA,135,6874.0,1496050.0
2007,22,CO,35,23126.5,12694000.0
2007,22,DE,11,430.0,
2007,22,TR,103,11093.0,4073400.0
2007,13,CA,1356,132477.0,1416564.0
2007,13,CO,103,27070.5,18886836.0
2007,13,TR,88,22623.0,15325500.0
2007,24,"CA, CO, DE, TR",519,361536.31,43870249.0
2007,5,CO,33,414821.12,43856384.0
2007,5,DE,12,7150.0,
2007,5,TR,1439,849773.84,83944802.0
2007,8,CA,41,7550.0,29925.0
2007,8,CO,33,447301.87,51298242.0
2007,8,DE,11,8310.0,
2007,8,TR,437,213376.65,26091593.0
2007,4,CO,93,1028528.18,109667190.0
2007,4,DE,28,13120.0,
2007,4,TR,807,395590.8,41852063.0
2007,11,"CO, DE, TR",322,180814.0,24155207.0
2007,25,"CA, CO, DE",1515,595694.65,71123762.0
2007,9,CO,285,677429.98,89402117.0
2007,9,DE,22,5903.0,
2007,9,TR,355,265964.83,33951951.0
2007,3,CO,32,187630.32,23859234.0
2007,3,DE,22,10050.0,
2007,3,TR,1030,709977.86,86759337.0
2007,27,CA,567,408734.99,33054639.0
2007,27,CO,135,265310.8,88136478.0
2007,27,DE,10,4435.0,
2007,27,TR,68,154637.5,43806300.0
2007,12,CA,72,3550.0,539669.0
2007,12,CO,15,36140.0,12155000.0
2007,12,DE,11,2050.0,
2007,12,TR,199,83770.0,14957609.0
2007,16,"CO, DE, TR",664,312582.0,302419972.0
2007,6,CO,16,529032.56,63154775.0
2007,6,DE,14,14895.0,
2007,6,TR,1275,3442792.94,439275304.0
2007,2,CO,32,181466.44,23485162.0
2007,2,DE,14,3610.0,
2007,2,TR,642,367199.88,45348002.0
2008,1,CO,45,242995.15,31112491.0
2008,1,DE,13,11400.0,
2008,1,TR,477,359843.99,50213337.0
2008,10,"CO, DE",214,75480.4,32562771.0
2008,7,CO,35,271267.21,32394896.0
2008,7,DE,23,21400.0,
2008,7,TR,1135,713955.25,78038157.0
2008,22,CA,104,7412.5,1488835.0
2008,22,CO,36,31043.5,7696900.0
2008,22,DE,13,1190.0,
2008,22,TR,102,43241.5,8067015.0
2008,13,CA,1019,529551.0,3122977.0
2008,13,CO,176,220770.0,32266336.0
2008,13,TR,72,37291.0,6790565.0
2008,24,"CA, CO, DE, TR",475,311062.39,35034301.0
2008,5,CO,13,167725.07,19586502.0
2008,5,DE,11,8400.0,
2008,5,TR,1503,722305.45,108431584.0
2008,8,CA,42,5150.0,4925.0
2008,8,CO,41,318073.74,37294746.0
2008,8,DE,12,12605.0,
2008,8,TR,658,528857.24,65414767.0
2008,4,CO,82,506998.99,55928974.0
2008,4,DE,23,8055.0,
2008,4,TR,877,662934.88,73615827.0
2008,11,"CO, DE, TR",365,282941.52,37667590.0
2008,25,CA,1136,75276.5,2694560.0
2008,25,CO,387,536468.59,63272351.0
2008,25,DE,11,2325.0,
2008,9,CO,225,392365.98,47231420.0
2008,9,DE,22,6320.0,
2008,9,TR,371,325201.68,40181361.0
2008,3,CO,45,247609.63,44136160.0
2008,3,DE,36,12850.0,
2008,3,TR,1160,451669.52,51564207.0
2008,27,CA,516,249167.46,24685209.0
2008,27,CO,155,763361.83,144485260.0
2008,27,DE,10,4150.0,
2008,27,TR,63,123093.5,19685400.0
2008,12,CA,58,2900.0,233859.0
2008,12,CO,12,89880.0,24850000.0
2008,12,DE,14,4350.0,
2008,12,TR,185,107401.0,12431661.0
2008,16,"CO, DE, TR",705,261582.78,95671883.0
2008,6,CO,30,455734.65,89806907.0
2008,6,DE,18,18095.0,
2008,6,TR,1419,2885568.17,372840899.0
2008,2,CO,31,257089.88,30080565.0
2008,2,DE,10,2680.0,
2008,2,TR,782,486092.58,54839736.0
2009,1,CO,55,892473.98,106155231.0
2009,1,DE,10,10400.0,
2009,1,TR,597,714219.78,86098316.0
2009,10,"CO, DE, TR",233,102312.6,20340913.0
2009,7,CO,24,232954.19,27402338.0
2009,7,DE,16,14810.0,
2009,7,TR,1212,775354.01,84043370.0
2009,22,CA,112,8918.5,1217896.0
2009,22,CO,44,79807.18,11229806.0
2009,22,DE,23,4600.0,
2009,22,TR,126,29545.63,3514376.0
2009,13,CA,523,220714.0,1780427.0
2009,13,CO,257,150312.2,31374458.0
2009,13,TR,65,43718.0,10824500.0
2009,24,"CA, CO, DE, TR",502,298844.32,30501122.0
2009,5,CO,25,287656.89,28868993.0
2009,5,DE,23,20000.0,
2009,5,TR,1570,1020579.02,103345338.0
2009,8,CA,39,3350.0,16100.0
2009,8,CO,39,472280.51,56854379.0
2009,8,DE,17,15625.0,
2009,8,TR,704,309260.09,36621557.0
2009,4,CO,79,448579.99,50880311.0
2009,4,DE,27,11290.0,
2009,4,TR,948,578742.16,67125626.0
2009,11,"CO, DE, TR",348,627743.8,29434866.0
2009,25,CA,1111,65855.0,2499514.0
2009,25,CO,333,346721.67,70194874.0
2009,25,DE,10,3175.0,
2009,9,CO,286,593360.11,69718922.0
2009,9,DE,20,4960.0,
2009,9,TR,353,192367.07,21681752.0
2009,3,CO,46,809700.22,107783007.0
2009,3,DE,28,11590.0,
2009,3,TR,1302,860091.5,98888292.0
2009,27,CA,425,426005.07,22940314.0
2009,27,CO,105,543484.97,93714580.0
2009,27,DE,10,9542.0,
2009,27,TR,59,104000.08,25477170.0
2009,12,"CA, CO, DE, TR",254,393162.08,54272972.0
2009,16,"CO, DE, TR",665,249082.04,30495320.0
2009,6,CA,25,1375.0,126197.0
2009,6,CO,22,461311.35,55364471.0
2009,6,DE,10,7050.0,
2009,6,TR,1393,3197845.25,361017874.0
2009,2,CO,24,168950.84,20677126.0
2009,2,DE,15,5430.0,
2009,2,TR,862,440447.14,48267905.0
2010,1,CO,57,178326.39,21724366.0
2010,1,DE,20,38000.0,
2010,1,TR,605,799362.93,89222821.0
2010,10,"CO, DE, TR",224,161194.35,26251667.0
2010,7,CO,33,669759.95,79359798.0
2010,7,DE,19,16800.0,
2010,7,TR,1188,1920567.59,214796096.0
2010,22,CA,103,7075.0,960045.0
2010,22,CO,88,174320.45,22030159.0
2010,22,DE,11,1800.0,
2010,22,TR,104,37049.66,4566679.0
2010,13,CA,465,340573.0,2333550.0
2010,13,CO,237,280756.95,34498291.0
2010,13,TR,72,132192.14,15326200.0
2010,24,"CA, CO, DE, TR",597,452740.93,45843433.0
2010,5,CO,31,509129.03,53393363.0
2010,5,DE,26,24710.0,
2010,5,TR,1656,998069.23,92566848.0
2010,8,CA,62,11050.0,18777.0
2010,8,CO,51,387656.71,45509009.0
2010,8,DE,20,26530.0,
2010,8,TR,662,569465.08,64234580.0
2010,4,"CA, CO, DE, TR",1194,1435173.71,154560425.0
2010,11,"CA, CO, DE, TR",372,340902.46,22745107.0
2010,25,CA,1211,77477.5,3286806.0
2010,25,CO,346,603671.85,72395682.0
2010,25,DE,19,4650.0,
2010,9,CO,365,701396.34,81123569.0
2010,9,DE,24,6310.0,
2010,9,TR,334,274841.57,33466789.0
2010,3,"CA, CO, DE, TR",1379,1367527.75,156085701.0
2010,27,CA,434,221758.28,24148751.0
2010,27,CO,126,858959.51,112579062.0
2010,27,DE,13,5430.0,
2010,27,TR,68,373600.49,46761917.0
2010,12,CA,127,9550.0,420764.0
2010,12,CO,11,209597.58,24572272.0
2010,12,DE,14,4500.0,
2010,12,TR,184,109399.1,14600059.0
2010,16,CO,644,616229.91,75053531.0
2010,16,DE,11,4689.0,
2010,16,TR,16,4032.5,412400.0
2010,6,CA,62,3315.0,132845.0
2010,6,CO,25,661114.6,78561825.0
2010,6,DE,20,11235.0,
2010,6,TR,1335,2837134.54,345824642.0
2010,2,CO,40,327908.96,38825785.0
2010,2,DE,23,8220.0,
2010,2,TR,927,543489.57,61969372.0
2011,1,CO,46,951232.98,121891387.0
2011,1,DE,15,32800.0,
2011,1,TR,643,977763.95,158597823.0
2011,10,"CO, DE, TR",205,339480.84,22280832.0
2011,7,CO,30,723860.53,82100825.0
2011,7,DE,17,33400.0,
2011,7,TR,1266,1139663.09,123631951.0
2011,22,"CA, CO, DE, TR",273,150940.89,16857196.0
2011,13,CA,429,332118.0,2845495.0
2011,13,CO,343,685863.26,77137474.0
2011,13,TR,85,175860.45,24873500.0
2011,24,"CA, CO, DE, TR",553,718269.53,85303637.0
2011,5,CA,59,3530.0,57697.0
2011,5,CO,28,370364.19,37355852.0
2011,5,DE,17,21925.0,
2011,5,TR,1744,1110457.45,100420859.0
2011,8,CA,70,9450.0,137762.0
2011,8,CO,57,1845472.93,210933768.0
2011,8,DE,25,38545.0,
2011,8,TR,875,756987.74,80777266.0
2011,4,CA,75,4897.0,144700.0
2011,4,CO,83,519808.56,58093724.0
2011,4,DE,20,12329.0,
2011,4,TR,1111,879531.75,142653954.0
2011,11,CA,32,1700.0,30075.0
2011,11,CO,28,263882.45,30619426.0
2011,11,DE,19,6675.0,
2011,11,TR,336,149088.81,14869391.0
2011,25,CA,1082,68471.0,3482563.0
2011,25,CO,365,860490.98,95122250.0
2011,25,DE,25,6568.75,
2011,9,CO,334,630270.21,70853205.0
2011,9,DE,25,6650.0,
2011,9,TR,335,130714.83,14909172.0
2011,3,CA,22,1815.35,291843.0
2011,3,CO,40,689224.99,78968706.0
2011,3,DE,22,20850.0,
2011,3,TR,1670,930589.85,112351271.0
2011,27,CA,577,361282.18,40296823.0
2011,27,CO,135,843926.37,121626117.0
2011,27,DE,11,5656.0,
2011,27,TR,69,553678.98,64392832.0
2011,12,CA,51,2750.0,272638.0
2011,12,CO,17,146553.96,16932030.0
2011,12,DE,18,5350.0,
2011,12,TR,202,245190.45,27186271.0
2011,16,CO,662,577678.93,84247024.0
2011,16,DE,23,16655.0,
2011,16,TR,18,18906.0,4292000.0
2011,6,CA,65,3755.0,70552.0
2011,6,CO,22,4035868.53,474050436.0
2011,6,DE,31,28380.0,
2011,6,TR,1419,5263160.41,613651906.0
2011,2,"CA, CO, DE, TR",1021,1141559.43,125324248.0
2012,1,CO,33,198204.81,22207512.0
2012,1,DE,14,37350.0,
2012,1,TR,725,846014.98,98802758.0
2012,10,"CO, DE, TR",270,616503.97,70082173.0
2012,7,CO,31,944938.8,107764801.0
2012,7,DE,27,19760.0,
2012,7,TR,1318,1576019.44,173344687.0
2012,22,CA,128,7271.5,838916.0
2012,22,CO,74,198598.53,22328575.0
2012,22,DE,13,3000.0,
2012,22,TR,97,63712.86,6902382.0
2012,13,CA,423,243173.0,2521800.0
2012,13,CO,402,636220.18,68707500.0
2012,13,TR,95,352780.0,40145000.0
2012,24,CA,443,142617.98,15361527.0
2012,24,CO,57,933674.89,115731974.0
2012,24,DE,19,14074.5,
2012,24,TR,10,549.23,56588.0
2012,5,CA,60,3965.0,162463.0
2012,5,CO,15,194926.12,18826272.0
2012,5,DE,11,11058.0,
2012,5,TR,1706,1029370.77,92637327.0
2012,8,CA,61,15804.06,962142.0
2012,8,CO,25,490827.5,55570193.0
2012,8,DE,27,43100.0,
2012,8,TR,855,1004160.8,109669295.0
2012,4,CA,126,7629.58,719915.0
2012,4,CO,122,774323.35,98928695.0
2012,4,DE,42,23075.0,
2012,4,TR,1217,711175.2,77050120.0
2012,11,CA,58,2885.0,71669.0
2012,11,CO,27,425078.82,47643690.0
2012,11,DE,13,3460.0,
2012,11,TR,321,431716.77,23149495.0
2012,25,CA,1004,62328.0,2464991.0
2012,25,CO,225,420234.82,48322500.0
2012,25,DE,24,6400.0,
2012,9,CO,262,634638.25,72545758.0
2012,9,DE,22,6960.0,
2012,9,TR,459,287059.22,31807394.0
2012,3,CA,93,18455.0,508631.0
2012,3,CO,33,612207.81,69184179.0
2012,3,DE,49,47500.0,
2012,3,TR,1572,866730.32,103669643.0
2012,27,"CA, CO, DE, TR",1130,3216848.76,335085099.0
2012,12,CA,80,4050.0,627740.0
2012,12,CO,22,961667.9,108533266.0
2012,12,DE,16,5150.0,
2012,12,TR,225,261101.04,28103289.0
2012,16,CO,678,583731.2,79399450.0
2012,16,DE,25,12113.0,
2012,16,TR,20,9427.5,996000.0
2012,6,CA,73,4260.0,86295.0
2012,6,CO,32,2335689.33,263496318.0
2012,6,DE,35,38620.0,
2012,6,TR,1398,4747038.75,560528742.0
2012,2,CA,10,1600.0,96512.0
2012,2,CO,41,315175.86,35494893.0
2012,2,DE,32,12400.0,
2012,2,TR,1126,1019278.89,110078311.0
2013,1,CO,23,461440.8,51711203.0
2013,1,DE,12,31962.0,
2013,1,TR,745,660783.19,72117294.0
2013,10,"CO, DE, TR",271,380521.62,49231414.0
2013,7,CO,31,1421364.26,161610023.0
2013,7,DE,12,15000.0,
2013,7,TR,1394,6397926.59,648490176.0
2013,22,"CA, CO, DE, TR",321,157933.76,17135606.0
2013,13,CA,522,405866.0,2505500.0
2013,13,CO,342,649760.71,58591000.0
2013,13,TR,93,166949.93,19923000.0
2013,24,CA,379,121980.96,10115034.0
2013,24,CO,40,137912.34,13689129.0
2013,24,DE,20,10588.51,
2013,24,TR,11,1030.0,50880.0
2013,5,CA,64,4020.0,97195.0
2013,5,CO,14,311493.86,31262328.0
2013,5,DE,18,26142.0,
2013,5,TR,1819,1115226.71,105224550.0
2013,8,CA,70,10405.0,112397.0
2013,8,CO,21,1562451.73,176929526.0
2013,8,DE,13,15775.0,
2013,8,TR,845,1183727.98,136408546.0
2013,4,CA,166,9743.49,1654460.0
2013,4,CO,50,473753.41,55448249.0
2013,4,DE,37,26913.0,
2013,4,TR,1408,681887.85,79800259.0
2013,11,"CA, CO, DE, TR",418,470520.98,41135256.0
2013,25,CA,1005,68940.0,2462227.0
2013,25,CO,245,172752.22,22766811.0
2013,25,DE,15,4700.0,
2013,9,CO,190,466227.12,58116519.0
2013,9,DE,20,9240.0,
2013,9,TR,439,348131.72,37723423.0
2013,3,CA,135,16300.0,543830.0
2013,3,CO,44,908895.68,106595358.0
2013,3,DE,36,34660.0,
2013,3,TR,1724,871827.0,101570358.0
2013,27,"CA, CO, DE, TR",1173,1219726.44,169954931.0
2013,12,CA,71,4150.0,488761.0
2013,12,CO,34,386784.63,43472077.0
2013,12,DE,10,2450.0,
2013,12,TR,155,231261.67,36059115.0
2013,16,CO,706,1630893.89,180115987.0
2013,16,DE,15,8287.0,
2013,16,TR,14,8052.35,861833.0
2013,6,CA,77,4320.0,206987.0
2013,6,CO,33,3503214.16,393978300.0
2013,6,DE,21,27490.0,
2013,6,TR,1329,5178537.06,596686923.0
2013,2,CA,10,1640.0,108457.0
2013,2,CO,54,305550.52,39362185.0
2013,2,DE,32,14120.0,
2013,2,TR,1346,890881.97,96896841.0
2014,1,CO,24,241657.94,27076385.0
2014,1,DE,14,35625.0,
2014,1,TR,798,679676.38,77594354.0
2014,10,"CO, DE, TR",307,209531.04,33432865.0
2014,7,CO,35,7570574.96,883888022.0
2014,7,DE,12,18400.0,
2014,7,TR,1473,1577531.49,167888842.0
2014,22,"CA, CO, DE, TR",239,92244.99,10102790.0
2014,13,CA,439,553827.77,2338725.0
2014,13,CO,354,1133887.81,89998652.0
2014,13,TR,90,107160.33,23868625.0
2014,24,"CA, CO, DE, TR",424,381502.31,39074587.0
2014,5,CA,67,5240.0,199433.0
2014,5,CO,21,178632.41,20004454.0
2014,5,DE,19,31416.0,
2014,5,TR,1899,1377113.83,108912006.0
2014,8,CA,80,8950.0,118137.0
2014,8,CO,29,1980955.07,222452374.0
2014,8,DE,24,50573.0,
2014,8,TR,946,572245.5,78103360.0
2014,4,CA,162,7536.0,645662.0
2014,4,CO,77,423740.16,47781800.0
2014,4,DE,29,17067.0,
2014,4,TR,1478,1145210.34,132431810.0
2014,11,CA,166,36147.22,1629249.0
2014,11,CO,17,112077.52,12581408.0
2014,11,TR,249,182898.42,20004195.0
2014,25,CA,1034,72324.0,2883690.0
2014,25,CO,293,415948.27,40529338.0
2014,25,DE,15,4115.0,
2014,9,CO,183,537175.08,59395710.0
2014,9,DE,15,6500.0,
2014,9,TR,468,365207.97,49991505.0
2014,3,CA,112,16120.0,456991.0
2014,3,CO,40,1231344.36,138289977.0
2014,3,DE,27,38320.0,
2014,3,TR,1678,1103564.96,124956743.0
2014,27,"CA, CO, DE, TR",1099,1416559.46,162285335.0
2014,12,CA,75,6450.0,616778.0
2014,12,CO,44,918772.21,103653985.0
2014,12,DE,11,3500.0,
2014,12,TR,203,237855.02,31133689.0
2014,16,CO,799,768883.34,79728013.0
2014,16,DE,17,5276.0,
2014,16,TR,23,20454.05,2174653.0
2014,6,CA,66,3180.0,305317.0
2014,6,CO,32,10857832.76,1373269714.0
2014,6,DE,25,47211.12,
2014,6,TR,1460,6089326.06,705343536.0
2014,2,CO,52,838686.24,92868835.0
2014,2,DE,19,6670.0,
2014,2,TR,1523,957897.64,110280644.0
2015,1,CO,13,100912.12,11197895.0
2015,1,DE,10,29436.0,
2015,1,TR,788,631137.38,87010618.0
2015,10,"CO, DE, TR",304,244781.85,23920300.0
2015,7,CO,38,727984.89,62675190.0
2015,7,DE,17,83342.36,
2015,7,TR,1317,1282451.06,132533074.0
2015,22,"CA, CO, DE, TR",232,106393.84,11724903.0
2015,13,CA,520,527539.11,4715972.0
2015,13,CO,429,1241995.23,96585299.0
2015,13,TR,94,176241.82,19120629.0
2015,24,"CA, CO, DE, TR",421,396955.08,40809038.0
2015,5,"CA, CO, DE, TR",2024,1419800.21,127634729.0
2015,8,CA,99,11645.0,161487.0
2015,8,CO,26,418344.91,48940829.0
2015,8,DE,21,64325.0,
2015,8,TR,973,1121478.35,143061289.0
2015,4,CA,187,7869.0,657547.0
2015,4,CO,69,1305022.26,140422772.0
2015,4,DE,31,43811.91,
2015,4,TR,1457,997178.38,106874276.0
2015,11,CA,209,41137.84,1899152.0
2015,11,CO,23,129484.24,12265478.0
2015,11,TR,233,206608.83,19372219.0
2015,25,CA,944,60690.0,2784348.0
2015,25,CO,318,367892.71,61474577.0
2015,25,DE,15,4250.0,
2015,9,CO,187,290865.08,31144694.0
2015,9,DE,30,15560.0,
2015,9,TR,515,219668.86,37300920.0
2015,3,CA,130,23294.0,655628.0
2015,3,CO,34,320639.18,33844195.0
2015,3,DE,24,43870.0,
2015,3,TR,1856,1071076.38,112460565.0
2015,27,"CA, CO, DE, TR",1179,3045419.84,278373395.0
2015,12,"CA, CO, DE, TR",444,324927.19,36294101.0
2015,16,CO,1094,761429.69,95648498.0
2015,16,DE,43,15247.0,
2015,16,TR,11,8007.85,775814.0
2015,6,CA,115,17445.53,3128904.0
2015,6,CO,28,2935166.87,345591450.0
2015,6,DE,33,105734.53,
2015,6,TR,1471,7218477.08,803199338.0
2015,2,CO,24,384120.03,16732505.0
2015,2,DE,16,15325.0,
2015,2,TR,1377,701769.17,68128635.0
2016,1,"CO, DE, TR",838,2009727.57,223204780.0
2016,10,"CO, DE, TR",440,424088.29,46375902.0
2016,7,CO,35,1338398.04,93446942.0
2016,7,DE,16,43472.0,
2016,7,TR,1443,1415977.11,131980536.0
2016,22,"CA, CO, DE, TR",338,151624.51,21066422.0
2016,13,CA,584,384312.8,4188453.0
2016,13,CO,23,843518.44,50262181.0
2016,13,TR,546,439455.9,44857587.0
2016,24,"CA, CO, DE, TR",461,1062421.1,85904910.0
2016,5,"CA, CO, DE, TR",1956,1385560.11,115714585.0
2016,8,CA,73,12495.0,142726.0
2016,8,CO,27,865375.65,119040393.0
2016,8,DE,11,23550.0,
2016,8,TR,934,1153730.4,135776054.0
2016,4,CA,286,10009.0,918376.0
2016,4,CO,122,1051854.2,69560557.0
2016,4,DE,30,85241.34,
2016,4,TR,1522,861163.42,111897732.0
2016,11,CA,218,34204.11,1873841.0
2016,11,CO,14,87977.61,8858315.0
2016,11,TR,251,186799.12,15121072.0
2016,15,"CA, CO, TR",1125,2771593.11,297651634.0
2016,25,"CA, CO, DE",1444,495998.47,50255376.0
2016,9,CO,225,356813.56,37780482.0
2016,9,DE,14,6990.0,
2016,9,TR,612,296388.92,30987046.0
2016,3,CA,168,23781.0,439630.0
2016,3,CO,25,538025.62,39134153.0
2016,3,DE,38,100562.0,
2016,3,TR,1818,975580.2,133181537.0
2016,27,"CA, CO, DE, TR",1451,1308010.09,166256489.0
2016,12,"CA, CO, DE, TR",442,401280.46,43104218.0
2016,16,"CO, DE, TR",1114,522549.64,68301674.0
2016,6,CA,136,11089.44,11371501.0
2016,6,CO,27,2131338.99,289153269.0
2016,6,DE,20,48589.8,
2016,6,TR,1513,4651120.58,604461997.0
2016,2,CO,33,1202639.5,64796835.0
2016,2,DE,19,49355.82,
2016,2,TR,1391,1267580.28,105268498.0
2017,1,CO,22,474640.67,53166422.0
2017,1,DE,20,57962.0,
2017,1,TR,857,2746615.81,320310261.0
2017,10,"CA, CO, DE, TR",492,362420.66,40191882.0
2017,7,CO,39,2649072.77,226726964.0
2017,7,DE,19,80913.0,
2017,7,TR,1624,1592453.68,188123454.0
2017,22,CA,155,7025.0,1005988.0
2017,22,CO,44,107015.03,12320530.0
2017,22,DE,17,4850.0,
2017,22,TR,104,76660.99,8893366.0
2017,13,CA,546,539902.47,4161948.0
2017,13,CO,38,1097532.5,96322833.0
2017,13,TR,487,488765.71,51857582.0
2017,24,CA,368,168347.63,25097904.0
2017,24,CO,35,177110.85,15110111.0
2017,24,DE,14,2334.5,
2017,24,TR,11,1599.0,65612.0
2017,5,CA,109,7095.0,179960.0
2017,5,CO,22,846362.72,41117805.0
2017,5,DE,24,78198.18,
2017,5,TR,1906,2133372.07,187311110.0
2017,8,CA,127,27000.0,91796.0
2017,8,CO,41,1469864.78,142316104.0
2017,8,DE,14,47400.0,
2017,8,TR,984,2548238.73,285295072.0
2017,4,CA,303,14285.0,700722.0
2017,4,CO,71,652821.67,58561531.0
2017,4,DE,33,51017.55,
2017,4,TR,1527,1110975.17,135148068.0
2017,11,CA,226,240894.52,2953792.0
2017,11,CO,14,76535.12,8532649.0
2017,11,TR,267,420071.69,59136091.0
2017,15,"CA, CO, DE, TR",1021,1362913.96,73400527.0
2017,25,CA,1194,62200.0,2578418.0
2017,25,CO,400,522340.91,75764141.0
2017,25,DE,25,9155.0,
2017,9,CO,198,729735.55,114773150.0
2017,9,DE,27,13350.0,
2017,9,TR,619,258398.85,35166880.0
2017,3,CA,156,20802.0,398728.0
2017,3,CO,39,1045205.37,94233860.0
2017,3,DE,27,125652.01,
2017,3,TR,1927,2214116.13,197437260.0
2017,27,"CA, CO, DE, TR",1378,1560991.25,264474131.0
2017,12,CA,97,9084.0,935467.0
2017,12,CO,11,298960.87,29815602.0
2017,12,DE,17,6370.0,
2017,12,TR,245,240595.06,26105076.0
2017,16,"CA, CO, DE, TR",1286,1283835.2,136289793.0
2017,6,CA,166,8476.0,66023010.0
2017,6,CO,39,2919944.37,370732003.0
2017,6,DE,23,94054.5,
2017,6,TR,1587,10080866.05,1136576478.0
2017,2,CO,39,2811762.42,122328653.0
2017,2,DE,44,99263.31,
2017,2,TR,1439,1479769.92,100411023.0
2018,1,CO,16,939596.86,109439033.0
2018,1,DE,11,31704.8,
2018,1,TR,868,1106386.64,128467374.0
2018,10,"CA, CO, DE, TR",506,333250.37,40762442.0
2018,7,CO,48,1906143.04,190099956.0
2018,7,DE,19,72238.44,
2018,7,TR,1679,3786762.28,277038977.0
2018,22,CA,168,8652.57,1226790.0
2018,22,CO,25,41077.71,5239324.0
2018,22,DE,23,4850.0,
2018,22,TR,97,38316.27,4885584.0
2018,13,CA,511,368983.9,3341713.0
2018,13,CO,35,1489797.42,146055785.0
2018,13,TR,529,529371.68,42156466.0
2018,24,CA,383,145194.08,13491591.0
2018,24,CO,49,459486.79,46486935.0
2018,24,DE,16,10832.93,
2018,24,TR,15,2085.0,81572.0
2018,5,CA,121,8435.0,207534.0
2018,5,CO,10,296831.77,34975432.0
2018,5,DE,11,14290.0,
2018,5,TR,1843,1607892.54,120887290.0
2018,8,CA,116,22903.41,241028.0
2018,8,CO,29,1634098.77,162389942.0
2018,8,DE,21,40534.79,
2018,8,TR,972,2293991.75,237837552.0
2018,4,CA,244,19615.0,1914154.0
2018,4,CO,77,896922.55,63407112.0
2018,4,DE,19,52123.86,
2018,4,TR,1606,930568.21,147360958.0
2018,11,CA,246,51389.45,3106587.0
2018,11,CO,14,153325.05,15600515.0
2018,11,TR,273,297265.52,24475505.0
2018,15,"CA, CO, DE, TR",1013,1692756.69,154674185.0
2018,25,CA,1252,69000.0,2762669.0
2018,25,CO,402,728774.52,76293228.0
2018,25,DE,26,8880.0,
2018,9,CO,241,1014120.21,98638825.0
2018,9,DE,21,18349.32,
2018,9,TR,712,447654.73,41911307.0
2018,3,CA,171,30115.14,797453.0
2018,3,CO,32,1306397.69,107594095.0
2018,3,DE,31,105645.0,
2018,3,TR,2019,3544204.44,343861728.0
2018,27,"CA, CO, DE, TR",1333,1980952.18,257799903.0
2018,12,"CA, CO, DE, TR",320,486269.99,49954441.0
2018,16,CO,882,1543800.52,199080202.0
2018,16,DE,21,7431.0,
2018,16,TR,220,179243.14,18071831.0
2018,6,CA,176,19102.0,5513573.0
2018,6,CO,34,9626423.68,1092842771.0
2018,6,DE,31,88747.31,
2018,6,TR,1696,14624097.24,1600728893.0
2018,2,CO,21,906028.05,38468342.0
2018,2,DE,15,25992.86,
2018,2,TR,1538,1464610.26,129990451.0
2019,1,"CO, DE, TR",1037,2228845.22,206121832.0
2019,10,"CA, CO, DE, TR",516,480659.83,103891670.0
2019,7,CO,35,1159869.33,106821390.0
2019,7,DE,17,53378.1,
2019,7,TR,1750,2438544.51,228769900.0
2019,22,CA,457,20648.47,1546317.0
2019,22,CO,42,103407.55,10389824.0
2019,22,DE,17,4350.0,
2019,22,TR,109,55010.66,6043912.0
2019,13,CA,406,328649.14,6706022.0
2019,13,CO,19,591465.42,46790184.0
2019,13,TR,462,332306.5,38142481.0
2019,24,"CA, CO, DE, TR",508,1154134.8,112202446.0
2019,5,CA,112,7377.7,134166.0
2019,5,CO,10,464296.94,28344598.0
2019,5,DE,12,58743.88,
2019,5,TR,2040,1994669.73,132454444.0
2019,8,CA,150,18506.0,186851.0
2019,8,CO,29,5376410.02,262211586.0
2019,8,DE,27,70935.0,
2019,8,TR,1041,1876535.88,172482237.0
2019,4,CA,292,12472.1,1256945.0
2019,4,CO,63,1218043.11,67173288.0
2019,4,DE,44,133555.4,
2019,4,TR,1844,3795088.62,260402517.0
2019,11,CA,280,93916.93,1778904.0
2019,11,CO,16,655051.82,42254425.0
2019,11,TR,346,425573.05,35363231.0
2019,15,"CA, CO, DE, TR",1034,1330864.54,51752305.0
2019,25,CA,1252,54818.5,7446050.0
2019,25,CO,340,482201.26,77852267.0
2019,25,DE,17,5550.0,
2019,9,CO,222,571215.41,39444914.0
2019,9,DE,19,15208.92,
2019,9,TR,720,284297.62,28782229.0
2019,3,CA,191,26744.0,390223.0
2019,3,CO,25,2527431.93,224938630.0
2019,3,DE,20,49801.0,
2019,3,TR,2105,2531160.02,236482351.0
2019,27,"CA, CO, DE, TR",1513,3646975.73,397061999.0
2019,12,CA,97,12409.0,1051222.0
2019,12,CO,14,667133.07,67338314.0
2019,12,DE,13,8720.0,
2019,12,TR,315,302129.65,28070616.0
2019,16,"CA, CO, DE, TR",1253,850367.82,80130584.0
2019,6,CA,159,8493.0,9539991.0
2019,6,CO,34,19403478.36,1308195447.0
2019,6,DE,28,122775.62,
2019,6,TR,1654,13199673.79,1395532044.0
2019,2,CA,88,9752.0,72773.0
2019,2,CO,28,1344198.8,69863025.0
2019,2,DE,19,39980.24,
2019,2,TR,1491,1814558.41,147221909.0
2020,1,CO,13,1193864.94,68772257.0
2020,1,DE,17,98414.03,
2020,1,TR,1110,1292632.92,105203557.0
2020,10,"CA, CO, DE, TR",465,826975.87,80019667.0
2020,7,CO,82,3418529.63,138051639.0
2020,7,DE,13,110637.23,
2020,7,TR,1473,2743514.27,225863742.0
2020,22,CA,342,33045.36,1772118.0
2020,22,CO,53,198887.93,17039084.0
2020,22,DE,15,26000.0,
2020,22,TR,96,125018.85,10922689.0
2020,13,CA,421,518964.11,7546344.0
2020,13,CO,12,2150821.6,189544821.0
2020,13,TR,346,773989.94,77904959.0
2020,24,CA,491,315902.75,57244696.0
2020,24,CO,38,414058.98,41237875.0
2020,24,DE,13,23349.65,
2020,24,TR,10,1569.0,85333.0
2020,5,"CA, CO, DE, TR",1601,2532439.56,155804546.0
2020,8,CA,133,42416.12,487994.0
2020,8,CO,22,2306428.87,121768732.0
2020,8,DE,17,66670.25,
2020,8,TR,768,2009808.66,131526563.0
2020,4,CA,272,25950.0,1915579.0
2020,4,CO,20,1207519.82,67258464.0
2020,4,DE,20,89137.86,
2020,4,TR,1288,1436049.54,187932420.0
2020,11,CA,236,84704.91,2619309.0
2020,11,CO,11,1517579.54,81453784.0
2020,11,TR,299,748383.22,40210946.0
2020,15,"CA, CO, DE, TR",705,2444914.88,141288043.0
2020,25,CA,1607,83866.5,5393126.0
2020,25,CO,340,399560.93,35579328.0
2020,25,DE,14,4975.0,
2020,9,CO,306,446571.95,333080070.0
2020,9,DE,18,18660.9,
2020,9,TR,696,410493.75,38345887.0
2020,3,CA,194,28505.0,639925.0
2020,3,CO,20,373107.79,27086152.0
2020,3,DE,28,48202.6,
2020,3,TR,1942,2761298.06,241400751.0
2020,27,"CA, CO, DE, TR",1238,4993394.54,516503957.0
2020,12,"CA, CO, DE, TR",447,470549.01,43798140.0
2020,16,"CA, CO, DE, TR",1297,2481289.44,243941305.0
2020,6,CA,153,9565.0,12460017.0
2020,6,CO,16,23153824.07,685186105.0
2020,6,DE,20,222842.2,
2020,6,TR,1119,10684238.48,792097272.0
2020,2,CA,97,7236.0,68508.0
2020,2,CO,19,2790043.81,126624611.0
2020,2,DE,17,20270.3,
2020,2,TR,1352,1422890.02,126840618.0
2021,1,CO,23,971202.62,81831722.0
2021,1,DE,15,51210.58,
2021,1,TR,1235,1692429.7,179662763.0
2021,10,"CA, CO, DE, TR",595,2818371.06,200346128.0
2021,7,CO,71,1925345.79,81365069.0
2021,7,DE,10,59085.9,
2021,7,TR,1613,2788462.01,191576632.0
2021,22,CA,578,60838.98,3653014.0
2021,22,CO,33,179670.32,16114180.0
2021,22,DE,23,42100.0,
2021,22,TR,85,25882.39,2308483.0
2021,13,CA,432,411940.92,4429934.0
2021,13,CO,18,2340350.11,216867642.0
2021,13,TR,511,444423.72,49372635.0
2021,24,CA,312,158171.2,11795968.0
2021,24,CO,33,4229804.17,98078129.0
2021,24,DE,14,170388.16,
2021,24,TR,198,329815.49,24045458.0
2021,5,CA,157,17770.0,344640.0
2021,5,CO,17,854222.58,49372516.0
2021,5,DE,16,122921.01,
2021,5,TR,1612,1936920.27,141927071.0
2021,8,CA,121,58797.0,636076.0
2021,8,CO,26,2902697.09,255812927.0
2021,8,DE,20,149000.4,
2021,8,TR,937,1734204.72,164928445.0
2021,4,CA,1011,88663.0,1749380.0
2021,4,CO,34,2139504.67,245451508.0
2021,4,DE,25,142790.47,
2021,4,TR,1377,1460017.67,144135743.0
2021,11,CA,256,119193.93,12946108.0
2021,11,CO,10,1732521.33,145404112.0
2021,11,TR,333,270528.47,23500892.0
2021,15,"CA, CO, DE, TR",884,2000651.85,161227574.0
2021,25,CA,1611,93619.48,9993679.0
2021,25,CO,328,719153.85,45867497.0
2021,25,DE,14,6260.0,
2021,9,CO,357,1156932.53,90247122.0
2021,9,DE,26,37576.72,
2021,9,TR,793,1178184.58,100169722.0
2021,3,CA,251,37066.0,1912945.0
2021,3,CO,17,661978.02,99280674.0
2021,3,DE,25,197552.41,
2021,3,TR,2281,2545156.31,229221352.0
2021,27,"CA, CO, DE, TR",1344,2883318.52,238472300.0
2021,12,CA,139,28271.08,2231641.0
2021,12,CO,21,447315.43,45637887.0
2021,12,DE,19,13660.0,
2021,12,TR,338,418810.47,42232156.0
2021,16,"CA, CO, DE, TR",1292,2197133.37,206840424.0
2021,6,CA,140,9382.8,25142177.0
2021,6,CO,25,12055984.66,249556235.0
2021,6,DE,22,191058.8,
2021,6,TR,1241,20042352.17,1261611045.0
2021,2,CA,94,13603.0,458137.0
2021,2,CO,18,1818984.37,64912859.0
2021,2,DE,19,37696.34,
2021,2,TR,1563,1732236.47,131996769.0
2022,1,"CO, DE, TR",1141,2134895.53,252002750.0
2022,10,"CA, CO, DE, TR",476,561380.71,47636437.0
2022,7,CA,12,5040.0,555261.0
2022,7,CO,34,1422978.67,69447086.0
2022,7,DE,12,56374.1,
2022,7,TR,1439,3457709.96,258037633.0
2022,22,CA,439,72418.11,2897977.0
2022,22,CO,17,86795.45,6126613.0
2022,22,DE,11,29900.0,
2022,22,TR,85,55743.58,5043806.0
2022,13,"CA, CO, TR",795,1912335.6,110294079.0
2022,24,CA,217,109696.6,1945325.0
2022,24,CO,27,549997.53,34848257.0
2022,24,DE,11,119405.49,
2022,24,TR,230,220596.44,20811025.0
2022,5,CA,115,11915.0,217840.0
2022,5,CO,13,848733.64,28226639.0
2022,5,DE,17,121907.14,
2022,5,TR,1564,2692712.64,469212625.0
2022,8,CA,118,19468.15,16561479.0
2022,8,CO,20,2763877.42,181893015.0
2022,8,DE,21,77703.97,
2022,8,TR,872,1823290.5,198698130.0
2022,4,CA,2184,182932.08,2118186.0
2022,4,CO,32,2796471.22,145996638.0
2022,4,DE,25,58212.05,
2022,4,TR,1596,3657449.12,231622423.0
2022,11,CA,196,61659.09,4192724.0
2022,11,CO,17,241858.88,9621407.0
2022,11,TR,372,308807.47,25140999.0
2022,15,"CA, DE, TR",757,3560061.4,141267676.0
2022,25,CA,1375,77721.0,8578795.0
2022,25,CO,316,402370.45,28364602.0
2022,25,DE,11,3820.0,
2022,9,CO,229,920291.5,483110298.0
2022,9,DE,15,19809.0,
2022,9,TR,716,539731.58,58045715.0
2022,3,CA,163,27557.0,1116231.0
2022,3,CO,31,1506681.21,66780571.0
2022,3,DE,27,57817.0,
2022,3,TR,2089,28487224.08,203578509.0
2022,27,"CA, CO, DE, TR",1325,3733096.36,362097501.0
2022,12,"CA, CO, DE, TR",498,656693.52,63564633.0
2022,16,"CO, DE, TR",1335,1605313.02,143881148.0
2022,6,"CA, CO, DE, TR",1381,16278623.39,972538197.0
2022,2,CA,96,7841.0,107587.0
2022,2,CO,19,943671.4,27112684.0
2022,2,DE,11,19906.0,
2022,2,TR,1242,1382253.7,162875094.0
2023,1,CA,38,3072.0,81814.0
2023,1,CO,13,1257731.28,152135016.0
2023,1,DE,18,48247.32,
2023,1,TR,1089,1910141.72,247765037.0
2023,10,"CA, CO, DE, TR",437,736856.05,66939646.0
2023,7,CA,268,45785.56,6416855.0
2023,7,CO,17,3955294.74,182974493.0
2023,7,DE,18,109904.83,
2023,7,TR,1089,3127999.79,274542014.0
2023,22,"CA, CO, DE, TR",436,259722.08,20177132.0
2023,13,CA,246,178327.88,3393492.0
2023,13,CO,11,407541.32,13215486.0
2023,13,TR,429,558727.95,56699569.0
2023,24,"CA, CO, DE, TR",497,2260097.43,181110148.0
2023,5,"CA, CO, DE, TR",1646,1959949.88,164093091.0
2023,8,CA,102,22188.79,1076438.0
2023,8,CO,21,2486881.04,98785960.0
2023,8,DE,14,87560.22,
2023,8,TR,765,2036759.31,135497247.0
2023,4,CA,1299,142909.86,10880168.0
2023,4,CO,24,3720186.22,315897363.0
2023,4,DE,29,66260.0,
2023,4,TR,1301,1325364.36,141682695.0
2023,11,"CA, CO, TR",516,1108804.3,119166827.0
2023,15,"CA, CO, DE, TR",681,1847724.39,179236622.0
2023,25,CA,1155,62650.0,6109946.0
2023,25,CO,348,537062.31,107471881.0
2023,25,DE,12,5660.0,
2023,9,CO,138,451086.8,18334404.0
2023,9,DE,14,47903.04,
2023,9,TR,578,551930.38,62385942.0
2023,3,"CA, CO, DE, TR",2027,6175828.18,785788477.0
2023,27,"CA, CO, DE, TR",1284,6135149.93,584378725.0
2023,12,"CA, CO, DE, TR",511,1252040.7,88342933.0
2023,16,"CA, CO, DE, TR",1239,716670.87,60562822.0
2023,6,CA,121,9917.78,44209763.0
2023,6,CO,13,2869588.2,119946021.0
2023,6,DE,13,32204.0,
2023,6,TR,1218,8833804.34,743077254.0
2023,2,"CA, CO, DE, TR",1293,2248086.03,162715922.0
2024,1,CA,235,26192.0,280934.0
2024,1,CO,27,1279141.48,33629193.0
2024,1,DE,12,59676.45,
2024,1,TR,1140,2106148.78,214187618.0
2024,10,"CA, CO, DE, TR",558,763980.91,79169806.0
2024,7,"CA, CO, DE, TR",1403,7662506.37,517052436.0
2024,22,"CA, CO, DE, TR",431,213415.54,14873644.0
2024,13,CA,261,230133.36,4196182.0
2024,13,CO,11,1278974.71,80443723.0
2024,13,TR,452,831638.21,89554608.0
2024,24,CA,189,90215.88,2276780.0
2024,24,CO,39,1731897.16,112728843.0
2024,24,DE,17,44113.38,
2024,24,TR,243,581976.41,64270545.0
2024,5,"CA, CO, DE, TR",1385,2809266.8,205792605.0
2024,8,CA,100,15964.0,17465836.0
2024,8,CO,22,861709.7,51581114.0
2024,8,DE,22,268621.99,
2024,8,TR,785,2006062.81,164636406.0
2024,4,CA,796,108696.51,15450543.0
2024,4,CO,23,1830981.7,146196929.0
2024,4,DE,18,52523.0,
2024,4,TR,1309,3669620.46,328275504.0
2024,11,"CA, CO, TR",489,760763.54,84165777.0
2024,15,"CA, CO, DE, TR",663,462179.18,43962925.0
2024,25,CA,953,75365.56,6828213.0
2024,25,CO,300,4005585.56,173956483.0
2024,25,DE,13,5335.0,
2024,9,CO,161,2048542.04,119612832.0
2024,9,DE,23,21513.72,
2024,9,TR,547,795022.0,65323527.0
2024,3,CA,192,48245.0,1534511.0
2024,3,CO,35,1684332.9,74067620.0
2024,3,DE,28,125477.0,
2024,3,TR,1852,2308822.42,185884713.0
2024,27,"CA, CO, DE, TR",1248,10049626.81,280217715.0
2024,12,"CA, CO, DE, TR",516,807916.36,57272160.0
2024,16,"CA, CO, DE, TR",1205,1234762.18,94139942.0
2024,6,CA,177,13245.0,23129919.0
2024,6,CO,19,3963611.53,182943884.0
2024,6,DE,22,48211.0,
2024,6,TR,1340,20625906.16,1051653849.0
2024,2,CA,85,10063.0,87106.0
2024,2,CO,17,1027147.99,44931655.0
2024,2,DE,16,56828.94,
2024,2,TR,1277,1540812.29,130932162.0
2025,1,CA,220,26820.0,459216.0
2025,1,CO,119,1788533.56,116112606.0
2025,1,DE,15,70862.24,
2025,1,TR,1247,3237263.52,224912244.0
2025,10,"CA, CO, DE, TR",562,3995853.82,285423475.0
2025,7,CA,275,48832.15,1668615.0
2025,7,CO,14,10396894.66,285482417.0
2025,7,DE,12,39707.84,
2025,7,TR,1012,2564210.39,179468571.0
2025,22,CA,378,59285.92,655088.0
2025,22,CO,10,83365.02,3556876.0
2025,22,DE,12,12517.3,
2025,22,TR,73,35157.94,4041861.0
2025,13,"CA, CO, TR",713,2709894.53,137433758.0
2025,24,CA,146,63103.06,4381537.0
2025,24,CO,35,2922521.2,181061479.0
2025,24,DE,11,277636.1,
2025,24,TR,253,353458.76,32327698.0
2025,5,"CA, CO, DE, TR",1394,2962980.89,225317357.0
2025,8,CA,123,47969.88,19532600.0
2025,8,CO,31,4736381.11,151146233.0
2025,8,DE,23,164222.3,
2025,8,TR,851,3842904.31,209970131.0
2025,4,CA,758,102745.15,1925871.0
2025,4,CO,28,5135552.29,98877768.0
2025,4,DE,15,72442.29,
2025,4,TR,1340,1786073.47,171082740.0
2025,11,"CA, CO, DE, TR",516,1008534.23,51277576.0
2025,15,"CA, CO, TR",649,1882063.89,84265658.0
2025,25,CA,1359,68265.99,4742549.0
2025,25,CO,345,845460.28,79486130.0
2025,25,DE,12,5725.0,
2025,9,CO,163,1684336.71,37573850.0
2025,9,DE,17,24266.28,
2025,9,TR,591,1113677.29,139365436.0
2025,3,CA,290,59979.75,1966109.0
2025,3,CO,26,643950.45,29215570.0
2025,3,DE,25,88027.0,
2025,3,TR,1845,2693921.2,201275935.0
2025,27,"CA, CO, DE, TR",1277,8357264.75,316360304.0
2025,12,"CA, CO, DE, TR",483,2037839.05,130231573.0
2025,16,CA,28,26443.0,40124.0
2025,16,CO,405,8536038.16,93719468.0
2025,16,DE,10,9472.0,
2025,16,TR,803,844442.85,77040633.0
2025,6,CA,147,11374.0,6283817.0
2025,6,CO,18,5574154.52,90187916.0
2025,6,DE,14,36890.0,
2025,6,TR,1227,14846285.36,929035795.0
2025,2,"CA, CO, DE, TR",1211,3134302.42,238747980.0
2026,1,CA,101,12334.0,176559.0
2026,1,CO,49,4013637.86,218211358.0
2026,1,DE,10,133960.84,
2026,1,TR,679,3511694.24,133618021.0
2026,10,"CA, CO, DE, TR",213,5225083.86,205324898.0
2026,7,"CA, CO, DE, TR",734,4126592.39,371932549.0
2026,22,"CA, CO, DE, TR",246,112544.17,2164933.0
2026,13,"CA, CO, TR",352,916227.9,63242518.0
2026,24,"CA, CO, DE, TR",321,2385855.62,104194873.0
2026,5,"CA, CO, DE, TR",768,1622384.47,137444426.0
2026,8,"CA, CO, DE, TR",523,6597250.8,343204780.0
2026,4,"CA, CO, DE, TR",1006,3755558.9,308882305.0
2026,11,"CA, CO, DE, TR",320,1327498.03,83396001.0
2026,15,"CA, CO, TR",397,4513618.68,394396051.0
2026,25,"CA, CO, DE",737,704201.64,40919444.0
2026,9,CO,107,174301.88,13371561.0
2026,9,DE,10,8016.0,
2026,9,TR,323,946836.06,78414853.0
2026,3,CA,220,65905.8,1526327.0
2026,3,CO,15,2908234.66,176498205.0
2026,3,DE,16,63093.0,
2026,3,TR,1024,1065556.09,96121414.0
2026,27,CA,326,501616.37,12670102.0
2026,27,CO,10,8880136.13,189008686.0
2026,27,TR,267,847795.62,82659007.0
2026,12,"CA, CO, DE, TR",267,239875.34,21372960.0
2026,16,CA,54,15626.0,23166.0
2026,16,CO,184,2551264.3,214621382.0
2026,16,DE,12,15585.0,
2026,16,TR,411,755553.45,68853018.0
2026,6,"CA, CO, DE, TR",787,13887135.57,903768745.0
2026,2,"CA, CO, DE, TR",672,1688651.68,1124462306.0
